year,plan,amount_Agriculture,amount_COVID-19,amount_Camp Coordination / Management,amount_Coordination and support services,amount_Early Recovery,amount_Education,amount_Emergency Shelter and NFI,amount_Emergency Telecommunications,amount_Food Security,amount_Health,amount_Logistics,amount_Multi-sector,amount_Nutrition,amount_Other,amount_Protection,amount_Unspecified,amount_Water Sanitation Hygiene,proportion_Agriculture,proportion_COVID-19,proportion_Camp Coordination / Management,proportion_Coordination and support services,proportion_Early Recovery,proportion_Education,proportion_Emergency Shelter and NFI,proportion_Emergency Telecommunications,proportion_Food Security,proportion_Health,proportion_Logistics,proportion_Multi-sector,proportion_Nutrition,proportion_Other,proportion_Protection,proportion_Unspecified,proportion_Water Sanitation Hygiene
2015,"",20655118,0,359253,277118642,255763590,66612999,334332117,0,316670716.333333,336594510,16216625,320890049,14952827.3333333,0,94082800.1333333,1432487742.66667,72941841,0.00580252291954445,0,0.00010092286891874,0.0778493384369933,0.071850187104231,0.0187132048065323,0.093921989292548,0,0.0889604740806963,0.094557550282106,0.00455564273417162,0.0901457868203048,0.00420061136003471,0,0.0264301372719626,0.402420502211114,0.0204911298108424
2015,Afghanistan 2015,608650,0,0,4977699,0,0,4184901,0,43249995,57697590,12213126,8297333,0,8e+05,6977529,177464789,9834452,0.00186527333430126,0,0,0.0152546935198851,0,0,0.0128250788498984,0,0.132544257590015,0.176820465095616,0.0374284371252138,0.025428068661329,0,0.0024516859729582,0.0213833874690113,0.543859917356608,0.0301387350251634
2015,Burkina Faso 2015,0,0,0,0,0,0,0,0,8723418,13845290,0,3477878,0,0,0,8074178,0,0,0,0,0,0,0,0,0,0.25566303263315,0.405773153262336,0,0.101928491401892,0,0,0,0.236635322702622,0
2015,Cameroon 2015,769529,0,0,0,0,2165268,0,0,20612249,3795419,0,78541759,0,0,3200039,32087258,1347537,0.00539948138023758,0,0,0,0,0.0151928312633108,0,0,0.144628018801528,0.0266309576646234,0,0.551096534752566,0,0,0.0224534111080077,0.225143629562862,0.00945513546686507
2015,Central African Republic 2015,17590158,0,5222650,2528723,22589406,15165089,3108335,0,64736162,34029754,10636036,658151,0,0,14904587,144729427,10890894,0.0507228866287171,0,0.0150600059335152,0.00729181227618475,0.0651386917359163,0.0437299704790261,0.00896317837560489,0,0.18667285455334,0.0981280187560073,0.030670017188416,0.00189784074466965,0,0,0.0429787882888176,0.417341010669727,0.0314049243700583
2015,Chad 2015,565251,0,0,2690164,3455584,0,401616,0,120533550,10904166,10248420,49579907,0,0,429733,0,1889011,0.00281643406624666,0,0,0.0134040798395587,0.0172178810765074,0,0.00200110213683783,0,0.600573544046176,0.0543313759487529,0.0510640391847225,0.247038110637825,0,0,0.00214119861900355,0,0.00941223444437014
2015,DPR Korea Needs and Priorities 2015,0,0,0,0,0,0,0,0,5146930,6024179,0,0,0,0,0,0,1294968,0,0,0,0,0,0,0,0,0.412874876354446,0.483245771705084,0,0,0,0,0,0,0.10387935194047
2015,Democratic Republic of the Congo 2015,0,334788,0,41807433,0,6056002,2098686,0,36011501,23798383,0,71362123,0,156042087,18192060,619195,5192748,0,0.000926069442329041,0,0.115645083346831,0,0.0167517306321719,0.00580525279772204,0,0.0996127419396804,0.0658295855082707,0,0.19739740208737,0,0.431633775666839,0.0503217285536413,0.00171277814122051,0.0143638518839243
2015,Djibouti 2015,180000,0,0,0,0,43200,0,0,4346405,0,0,8634131,1774258,0,0,0,487839,0.0116385583628118,0,0,0,0,0.00279325400707482,0,0,0.281032712560649,0,0,0.558271319753679,0.11472114046492,0,0,0,0.0315430148508651
2015,Gambia 2015,0,0,0,0,0,0,0,0,424178,646531,0,0,0,0,0,0,0,0,0,0,0,0,0,0,0,0.39616553143758,0.60383446856242,0,0,0,0,0,0,0
2015,Guatemala 2015,0,0,0,0,0,0,0,0,9702668,398896,0,0,0,0,0,0,0,0,0,0,0,0,0,0,0,0.960511461393503,0.039488538606497,0,0,0,0,0,0,0
2015,Guatemala 2015; Honduras 2015,0,0,0,0,0,0,0,0,0,0,0,0,0,0,0,18924177,0,0,0,0,0,0,0,0,0,0,0,0,0,0,0,0,1,0
2015,Haiti 2015 Urgent Request for Humanitarian Funding,945422,0,0,0,0,0,0,0,1080323,1778849,0,0,0,0,718880,379363,2366305,0.130059641151597,0,0,0,0,0,0,0,0.148617677299467,0.24471237458286,0,0,0,0,0.098894752640683,0.052188139948291,0.325527414377103
2015,Honduras 2015,0,0,0,0,0,0,0,0,5559059,0,0,0,0,0,0,0,0,0,0,0,0,0,0,0,0,1,0,0,0,0,0,0,0,0
2015,Honduras 2015; Guatemala 2015,0,0,0,0,0,0,0,0,0,0,0,0,0,0,0,1538924,0,0,0,0,0,0,0,0,0,0,0,0,0,0,0,0,1,0
2015,Humanitarian Action Plan/ERP for Vanuatu,211375,0,0,0,0,1921611,560444,150000,1540484,2579387,481500,0,0,0,702210,5838100,2127183,0.0131188643901359,0,0,0,0,0.119263650477083,0.0347836254725739,0.00930966130583268,0.0956092285803623,0.160088128977786,0.0298840127917229,0,0,0,0.0435822484371251,0.362338224463878,0.1320223551035
2015,Iraq 2015,566860,0,1108439,7556042,7954232,6444656,50838860,0,152326053,21908216,3154540,0,0,11493385,17625977,140812119,15650407,0.00129585835157664,0,0.00253392360611661,0.0172733305058813,0.018183604360121,0.0147326699725479,0.116219104039156,0,0.348221761886103,0.0500828152837474,0.00721136965808593,0,0,0.026274210457848,0.0402934931026141,0.321900575820051,0.0357772829561507
2015,Libya 2015-2016,0,0,0,0,0,0,0,0,0,0,0,0,0,0,9637,0,0,0,0,0,0,0,0,0,0,0,0,0,0,0,0,1,0,0
2015,Mali 2015,0,0,0,10662260,6665946,6497129,516543,0,55951299,11557678,0,0,0,0,5872399,82424739,0,0,0,0,0.0591861159396874,0.0370026104037695,0.0360655086509901,0.00286732586579524,0,0.310585192031532,0.0641565737565558,0,0,0,0,0.0325976376545033,0.457539035697167,0
2015,Mauritania 2015,879822,0,0,3555132,3464390,0,0,0,7937535,18637567,0,3731169,0,0,341196,15805851,438876,0.0160576255406446,0,0,0.0648846907710457,0.063228559125316,0,0,0,0.144867899127051,0.340154112848594,0,0.0680975409012976,0,0,0.00622716595398363,0.288472482739944,0.00800992299212335
2015,Myanmar 2015,1500000,0,1099566,2523801,0,11088976,1342063,0,28052282,3244769,0,0,149999,0,3926962,30810987,4700699,0.0169606313443503,0,0.0124328890431879,0.0285368388983351,0,0.125384022614899,0.0151748238559285,0,0.317189608913169,0.0366888872043841,0,0,0.00169605182734747,0,0.0444025031901817,0.34838252790838,0.0531512151998374
2015,Nepal Earthquake Flash Appeal 2015,1033728,0,978490,4053340,4835388,10547296,21495736,1060065,23924169,27284148,22757285,0,0,0,11759855,154649750,17293924,0.00342664873476619,0,0.00324354329231806,0.0134361963520164,0.0160285647407283,0.0349626579657361,0.0712550463635192,0.00351395182390331,0.0793049268610142,0.0904427385379649,0.075436886542653,0,0,0,0.0389821038578657,0.512640046675148,0.0573266882523668
2015,Niger 2015,1507579,0,0,1172557,550000,0,595185,0,117510141,24682236,3491684,23663893,0,0,619958,108405075,1122748,0.00532109763137407,0,0,0.00413861580411447,0.0019412605888353,0,0.00210074397011989,0,0.414759646385054,0.0871175490747853,0.0123241246143033,0.083523241562392,0,0,0.00218818187660574,0.382622726776791,0.00396281171562484
2015,Nigeria 2015,3199134,0,0,6121056,0,1928718,1479870,0,1480290,13522608,0,0,0,0,11654041,13521547,4038280,0.0561788293742527,0,0,0.107489639575662,0,0.0338695157605308,0.0259874591767883,0,0.0259948346441295,0.237465603981235,0,0,0,0,0.204652378068423,0.23744697214588,0.0709147672730987
2015,Pakistan Humanitarian Strategic Plan 2015,0,0,0,949490,2750000,3285430,4600525,0,142980527,2699949,0,0,14524938,0,3249022,5062335,3135360,0,0,0,0.0051817428538784,0.0150078387852064,0.0179298922836657,0.0251068863735678,0,0.780301344959944,0.0147346906619197,0,0,0.0792683374069519,0,0.0177311994129414,0.0276271663842573,0.0171109008776671
2015,Republic of South Sudan 2015,1549971,0,21610238,7411424,35267563,24597271,23261774,1221688,233945577,39185514,85453279,58567576,57828662,82341235,22405004,349938978,42221771,0.00142616881494265,0,0.0198841446188919,0.00681944486904431,0.0324506061917449,0.0226325917277763,0.021403766044038,0.00112410704922199,0.215259437957977,0.0360556152755751,0.0786277947422199,0.0538895569387965,0.053209662860956,0.075764321745932,0.0206154295812407,0.321987996908652,0.0388493546729905
2015,Sahel Regional 2015,0,0,0,1083424,0,0,0,0,0,0,0,0,0,0,0,0,0,0,0,0,1,0,0,0,0,0,0,0,0,0,0,0,0,0
2015,Senegal 2015,0,0,0,0,0,0,0,0,2590006,3150759,0,0,0,0,0,2649406,0,0,0,0,0,0,0,0,0,0.308695257820133,0.37552977168165,0,0,0,0,0,0.315774970498218,0
2015,Somalia 2015,7651390,0,0,11376007,7848902,10032503,6626037,0,70378662,53355691,0,15688009,0,38698994,13152097,174548593,12218536,0.0181495163590194,0,0,0.0269845119836813,0.0186180256462342,0.0237976468746739,0.0157173228559736,0,0.166942042856906,0.126562622824256,0,0.0372128170157245,0,0.0917961343861174,0.0311974947894318,0.4140388274676,0.0289830369403818
2015,"South Sudan regional refugee response plan 2015 (Ethiopia, Kenya, Uganda components)",0,0,0,0,0,0,0,0,0,0,0,191077309,0,0,0,0,0,0,0,0,0,0,0,0,0,0,0,0,1,0,0,0,0,0
2015,Sudan 2015,623167,0,0,5367259,1566437,6179746,7682295,29054890,327203193,28926089,0,54274236,37997037,0,7406227,429036057,21941451,0.000650991629546792,0,0,0.00560690903499333,0.00163637897259064,0.00645567387028721,0.00802531222081589,0.0303522012356283,0.341812932655265,0.0302176492248876,0,0.0566976000591289,0.0396936182990751,0,0.00773691768582651,0.44819267047318,0.0229211446387743
2015,Syria Response Plan 2015,6770020,0,0,33212129,6622334,44368203,104026608,557070,519713259,81929305,3604975,0,0,0,27222810,583713966,43040454,0.00465363472650975,0,0,0.022829639625248,0.00455211705031096,0.030498197971887,0.0715067068442659,0.00038292358029914,0.357244981537714,0.0563172721597291,0.00247801880174645,0,0,0,0.0187126498842215,0.401238339403182,0.0295855184148859
2015,Syria regional refugee and resilience plan (3RP) 2015,0,0,0,750000,0,0,0,0,5252101,0,0,2934708718,0,0,0,11410784,0,0,0,0,0.000254054575271505,0,0,0,0,0.00177909371845073,0,0,0.994101569196098,0,0,0,0.00386528251017985,0
2015,Ukraine 2015,0,0,0,3905347,9776797,5481231,7380142,0,23755537,11841486,2134531,0,0,520000,4689246,60223426,3596105,0,0,0,0.0292965811459546,0.0733421963933104,0.0411183254064804,0.0553633080419404,0,0.178205935960678,0.0888307890406885,0.0160125235094489,0,0,0.00390086263676349,0.0351771240692167,0.451775600656329,0.0269767531391892
2015,Yemen 2015,2250001,0,0,13795412,4184631,7266851,39365817,678302,230781036,71482024,22723918,16551091,54419267,35348507,16544633,342040958,31288292,0.00253173004604348,0,0,0.0155227749045218,0.00470860058920196,0.00817675415114089,0.0442949232849005,0.000763234129092115,0.25967778809798,0.0804324922134708,0.0255692446200817,0.0186235003359998,0.0612332587174684,0.0397745944355929,0.0186162337113906,0.384868882434318,0.0352059883287972
2015,occupied Palestinian territory 2015,5672229,0,0,14355455,26285854,9030588,78553669,0,161709560,13008186,0,0,0,0,24895463,93902912,17968503,0.012735637416348,0,0,0.0322317504858673,0.0590186160895588,0.0202760315961192,0.1763735290144,0,0.363080249918891,0.0292067792644505,0,0,0,0,0.0558968247015606,0.21083659343994,0.0403439880728655
2016,"",21017081.25,0,34819562,292558341.333333,186138007.75,93625665,93962684.6666667,0,1165842109.83333,297447170,38923535,377040829,40134363.3333333,685307,248739486.966667,1499270466.66667,197417212.666667,0.00458125845227137,0,0.00758989370690504,0.0637712419756585,0.0405739651072454,0.0204083223559303,0.0204817851825774,0,0.254127771413923,0.0648368983998051,0.00848446897025868,0.0821865540776578,0.00874840274252465,0.000149381755192612,0.0542197017523395,0.326807772019129,0.0430325820885819
2016,2016 Europe Situation -Regional Refugee and Migrant Response,0,0,0,0,0,0,0,0,0,0,0,415980321,0,0,0,0,0,0,0,0,0,0,0,0,0,0,0,0,1,0,0,0,0,0
2016,Afghanistan 2016,0,0,0,19547426,0,81673,11729816,0,31879732,20838759,0,311202,72291614,130407,7933186,112569606,3963097,0,0,0,0.0694954066517561,0,0.000290365511421753,0.0417020805128141,0,0.113339471871591,0.0740863800084442,0,0.00110639168250796,0.257012617029055,0.000463625619825115,0.0282042242857969,0.400209753734224,0.0140896830925645
2016,Afghanistan Flash Appeal: One million people on the move (September - December 2016),7766779,0,0,0,0,0,0,0,0,0,0,47965962,0,0,5e+06,2123142,0,0.12356486981497,0,0,0,0,0,0,0,0,0,0,0.763110145155387,0,0,0.0795470489214192,0.033777936108224,0
2016,Burkina Faso 2016,0,0,0,0,0,0,0,0,6361055,22084844,0,8781943,0,0,0,13518108,0,0,0,0,0,0,0,0,0,0.125350988601061,0.435204070472619,0,0.173057022284537,0,0,0,0.266387918641783,0
2016,Burundi 2016,0,385208,0,905802,0,0,325000,0,3511000,4534803,0,553073,0,23682120,4201369,10142207,1184306,0,0.00779380622976829,0,0.0183268397087718,0,0,0.00657563452647581,0,0.0710370856075587,0.0917514067002034,0,0.0111901720444971,0,0.479153741329672,0.0850051293995851,0.20520445084266,0.0239617336108076
2016,Cameroon 2016,1437497,0,0,6091827,6675478,1739266,1201898,0,62178961,11707171,0,14051772,0,0,6175024,34408582,4931541,0.00954519510575557,0,0,0.040450642516478,0.0443261724610062,0.0115489864054026,0.00798078250404516,0,0.412877601983285,0.0777373666389868,0,0.093305867992485,0,0,0.041003083041372,0.228478131434284,0.0327461699168993
2016,Central African Republic 2016,4473304,0,2750000,2274228,0,2236922,750000,0,12726692,21020769,0,4259233,7282688,0,31788640,68884566,4203920,0.0275024749008248,0,0.0169073700283433,0.0139822597544797,0,0.0137528974467424,0.00461110091682089,0,0.0782454148657295,0.129238516277574,0,0.0261863375883384,0.0447749457516273,0,0.195440836064652,0.423511580583212,0.0258462658216556
2016,Chad 2016,3396083,0,0,5668360,0,4475189,1201281,0,78272901,44658115,10155865,9779184,0,0,1119304,173258007,3690240,0.0101171900355895,0,0,0.0168864763641331,0,0.0133319290365341,0.00357870763557398,0,0.233180936406408,0.133039927494767,0.0302550957031357,0.0291329343013691,0,0,0.00333449190599743,0.516148804963394,0.0109935061530987
2016,DPR Korea Needs and Priorities 2016,0,0,0,0,0,0,78637,0,935861,4112085,0,0,16717173,0,0,0,1444262,0,0,0,0,0,0,0.0033767150128448,0,0.040186373954194,0.176575138339381,0,0,0.717844386757173,0,0,0,0.0620173859364073
2016,Democratic Republic of the Congo 2016,2930740,0,0,35125712,0,4757215,10911905,0,97016803,13350611,0,28398569,572288,113388345,6203088,2103753,14476888,0.00890164119001634,0,0,0.106688578573279,0,0.0144492588881182,0.0331431184648059,0,0.294672597947447,0.0405502872276235,0,0.0862559870708152,0.00173823076538761,0.344398466707993,0.0188408605492456,0.00638980406259868,0.0439711685526704
2016,Djibouti 2016,0,0,0,0,0,0,0,0,3278783,0,0,13933088,654082,0,187266,7138961,887309,0,0,0,0,0,0,0,0,0.125722670409685,0,0,0.534254639728562,0.0250803227011081,0,0.00718058547849615,0.273738530689769,0.0340232509923795
2016,Ecuador Earthquake Flash Appeal 2016,0,0,4e+05,0,1380000,42007,3831815,0,5022666,1023876,642710,0,0,235736,499842,4558478,4143711,0,0,0.0183647637848327,0,0.0633584350576729,0.00192862158077367,0.175925943355447,0,0.230600186650277,0.0470081022123985,0.0295080433303746,0,0,0.0108230898889533,0.0229487006493459,0.209288429220892,0.190245684269033
2016,Fiji Tropical Cyclone Flash Appeal 2016,1333826,0,0,0,424174,4597049,1218041,44940,3843883,2500580,208650,0,0,0,1097237,598947,3948639,0.0673106726162126,0,0,0,0.0214056685402064,0.231987125936732,0.0614676569388543,0.00226786824321358,0.193979087368236,0.126190164032377,0.010529388272063,0,0,0,0.0553713606492865,0.0302254757603036,0.199265531642515
2016,Guatemala 2016,0,0,0,0,0,0,0,0,0,0,0,0,500014,0,0,12761107,0,0,0,0,0,0,0,0,0,0,0,0,0,0.0377052588540592,0,0,0.962294741145941,0
2016,Haiti 2016,1799264,0,10731125,1446108,1235657,0,0,0,25114748,680686,0,0,891862,0,3736176,73424,5255890,0.0353039560136831,0,0.210558964652956,0.0283745649460198,0.0242452360387357,0,0,0,0.49278480461274,0.0133559658855676,0,0,0.0174995202584365,0,0.0733087491126253,0.0014406766690984,0.103127561810139
2016,Haiti Flash Appeal: Hurricane Matthew 2016,4654785,0,0,482362,1177305,1485000,3229440,0,137773,2888038,0,0,0,0,39455,11525630,4655989,0.153746178008908,0,0,0.0159322748347631,0.038886037507807,0.0490491127610036,0.106667452333263,0,0.00455060162452643,0.0953910447946555,0,0,0,0,0.0013031870329868,0.380688165327681,0.153785945774406
2016,Honduras 2016,0,0,0,0,0,0,0,0,4585448,107244,0,0,0,0,0,672058,300028,0,0,0,0,0,0,0,0,0.809466496304004,0.0189317215961508,0,0,0,0,0,0.118638011939744,0.0529637701601016
2016,Iraq 2016,3134751,0,3452068,11061781,3229209,16102483,56824927,0,106141292,34598617,2400000,0,0,23905912,38704147,266876293,42923324,0.00514437726497353,0,0.00566511985683795,0.0181532678948076,0.00529939040244278,0.0264254632839491,0.0932542529032068,0,0.174186354654554,0.056779099422674,0.00393859207188592,0,0,0.0392315147810011,0.0635166027180447,0.437965354910044,0.0704406098355795
2016,Libya - Sirte Flash Appeal 2016,0,0,0,0,0,0,0,0,0,499057,0,0,0,0,0,0,0,0,0,0,0,0,0,0,0,0,1,0,0,0,0,0,0,0
2016,Libya 2015-2016,0,0,0,0,1000001,713489,2731247,0,13005076,10291625,0,15422436,0,0,3320144,14486935,999994,0,0,0,0,0.016136609950466,0.0115132821836658,0.0440730234443569,0,0.209857628930537,0.166071772309692,0,0.248865585352439,0,0,0.0535758151315648,0.233769785702968,0.0161364969943093
2016,Mali 2016,2e+06,0,0,1667110,5118865,7298217,1693320,0,4150000,8648625,0,0,0,0,3000300,32191723,2840000,0.0291510514201226,0,0,0.0242990046665003,0.074610148413833,0.106375349521107,0.024681029195361,0,0.0604884316967544,0.126058256044179,0,0,0,0,0.0437309497878969,0.469211286237672,0.0413944930165741
2016,Mauritania 2016,0,0,0,1469090,0,0,0,0,1106080,2291098,0,8473954,0,0,0,10313051,0,0,0,0,0.0621093748843976,0,0,0,0,0.0467622387819225,0.0968617746897015,0,0.358257142679578,0,0,0,0.436009468964401,0
2016,Mosul Flash Appeal 2016,0,0,0,0,0,1151565,7689069,0,1200000,22925838,0,0,0,0,773185,17767179,6316549,0,0,0,0,0,0.0199152125044219,0.132975075741415,0,0.0207528493878385,0.396480385919987,0,0,0,0,0.0133714932116133,0.307266324861473,0.109238658373252
2016,Myanmar 2016,0,0,0,1690992,0,1194507,2273240,0,1267490,1061415,0,3323616,258463,0,4220252,10330022,7138615,0,0,0,0.0516197694822967,0,0.0364639075672681,0.0693936605128447,0,0.0386918102635118,0.0324010980685018,0,0.101457778491958,0.00788992525080122,0,0.128828779436687,0.315337597331657,0.217915673594473
2016,Niger 2016,1501167,0,0,2719058,0,386675,1273000,0,11603945,15571169,1603670,16492143,0,0,1727109,42337673,3977688,0.0151337544511702,0,0,0.0274117110957608,0,0.00389819687110511,0.0128335284590853,0,0.116983156634062,0.156978036530029,0.0161671206472752,0.166262675995133,0,0,0.0174115494920992,0.426819898929259,0.0401003708950213
2016,Nigeria 2016,4426496,0,3590383,25213794,0,4322053,4978538,0,50287509,35159041,0,0,0,0,3676480,94100590,3938618,0.0192713157379611,0,0.0156311909946847,0.10977147276896,0,0.0188166097968239,0.0216747010979875,0,0.218933093718951,0.153069375902502,0,0,0,0,0.016006025281464,0.409678938152983,0.017147276547684
2016,Pakistan Humanitarian Strategic Plan 2016,5e+05,0,277401,2105337,367005,574978,999741,0,126911480,1461685,0,35186630,9504873,0,1524972,176072325,4929787,0.00138728497936,0,0.000769668481118888,0.0058414047931817,0.00101828104770003,0.00159531668572491,0.0027738513451007,0,0.352124779824695,0.00405554729011165,0,0.097627766546596,0.0263719350872489,0,0.00423114149908916,0.488524983506985,0.0136780389130884
2016,Republic of South Sudan 2016,30249932,0,11877322,10649530,11277603,21608602,15103635,663374,437619917.666667,27637998.6666667,63741318,75879721,94565078,3611425,17427656,739683147,27968542.6666667,0.0190303232444122,0,0.00747205900952002,0.00669965136784653,0.00709477398204241,0.0135940365393169,0.00950174222592027,0.000417330579517953,0.275308007019312,0.017387148125004,0.0400998549538844,0.0477361608061072,0.0594911751197672,0.00227195833441712,0.0109637908300891,0.46533689351282,0.0175950943500237
2016,Senegal 2016,0,0,0,0,0,0,0,0,566251,2636727,0,0,0,0,0,0,0,0,0,0,0,0,0,0,0,0.176788913317544,0.823211086682456,0,0,0,0,0,0,0
2016,Somalia 2016,6893861,0,0,6883807,8896741,5488443,6498844,0,142677480,13309324,4667981,334448,35572320,0,21173191,303314766,14731304,0.0120851109080212,0,0,0.012067485994338,0.0155962096864064,0.0096213779719888,0.0113926362185034,0,0.250117194106028,0.023331578146236,0.00818308754724468,0.00058629571628524,0.0623591674470404,0,0.0371171338545579,0.531718377720482,0.0258243446828673
2016,Sudan 2016,3192974,0,0,4944714,0,9249504,6235824,0,236670485,14463791,0,90212758,39652262,3056389,10231334,421927495,17727618,0.00372330196422581,0,0,0.00576599225322063,0,0.0107857741438905,0.00727154550828365,0,0.275979598228728,0.0168661133602878,0,0.105196390280543,0.0462381920399592,0.00356403126587882,0.0119306784141839,0.492006346088123,0.0206720364526754
2016,Syria Humanitarian Response Plan 2016,14277184,0,1579899,48616329,41050269,99971246,42825223,490446,517882049,93203895,11597388,2242593,16759573,0,42984349,961957858,49614343,0.00734025582497293,0,0.000812265418560054,0.0249948653831911,0.0211049655270924,0.0513977070535269,0.022017513578414,0.000252150501690997,0.266256057694652,0.0479184433837874,0.00596250596906723,0.0011529729063724,0.00861651382634762,0,0.0220993242175712,0.494566489481608,0.0255079692331453
2016,Syria regional refugee and resilience plan (3RP) 2016,0,0,0,0,0,0,0,0,0,0,0,3070288049,0,1192890,0,21978,0,0,0,0,0,0,0,0,0,0,0,0,0.999604471155383,0,0.000388373389912037,0,7.15545470536826e-06,0
2016,Ukraine 2016,1155357,0,0,3765954,4489820,4635696,5913730,0,12314785,428312,1445547,0,0,0,20685083,23779449,4950075,0.0138260453616475,0,0,0.0450668069123896,0.0537292412523852,0.0554749252212154,0.0707690343647336,0,0.14736983982348,0.00512556823643078,0.0172987209965348,0,0,0,0.247536385608468,0.284566363945501,0.059237068277214
2016,Yemen Humanitarian Response Plan 2016,0,0,0,15024058,10457214,583681,16398846,0,419883647,83445327,20590024,5432684,40446711,0,18051961,238121432,32007118,0,0,0,0.016685190462363,0.0116134141185883,0.0006482155922363,0.0182119816678663,0,0.46630801227116,0.0926714456366692,0.022866556563122,0.00603334779869941,0.0449186948433742,0,0.0200478730516183,0.264449288340782,0.0355459796535216
2016,Zimbabwe Humanitarian Response Plan 2016,3081307,0,0,0,0,0,0,0,34026898,1508094,0,0,0,1e+06,0,40522888,12679109,0.0331971942255867,0,0,0,0,0,0,0,0.366596883011082,0.0162478095913332,0,0,0,0.0107737379707983,0,0.436582977132009,0.136601398069191
2016,occupied Palestinian territory 2016,299451,0,0,9871066,21894718.5,5060062,35564850,0,126062305.5,14584787,0,0,0,0,16196421,62540012,7525875,0.000999504178157171,0,0,0.0329475330183075,0.073079945033829,0.0168894180040619,0.118707956128158,0,0.420769344752149,0.048680937929853,0,0,0,0,0.0540602317597622,0.208745348307401,0.025119780888321
2017,"",14159844.75,0,13696102,269921486.15,34580737.5833333,95426857.2333333,101034035.4,50000,463938821.65,171192811.916667,62314268,231635144,28378977.5833333,0,81220256.6333333,1179887321.5,87261812.7333333,0.00499518550710887,0,0.00483159041798709,0.0952205281540086,0.0121990884964612,0.0336638474966961,0.035641898499968,1.76385602925091e-05,0.163664257554183,0.0603918946927259,0.0219826794640314,0.0817142090661605,0.0100112861428678,0,0.0286521678720022,0.416230273172896,0.0307834549026108
2017,2017 Europe Situation - Regional Refugee and Migrant Response,0,0,0,0,0,0,0,0,0,0,0,328381698,0,0,0,0,0,0,0,0,0,0,0,0,0,0,0,0,1,0,0,0,0,0
2017,Afghanistan 2017,0,0,0,18916344,0,372318,9429388,0,79524445,3687205,0,6535302,24572466,7102133,14399724,78498993,2956063,0,0,0,0.0768974637676785,0,0.00151352237594403,0.03833172108106,0,0.32327748575688,0.0149889805816337,0,0.026566875118989,0.0998903548126166,0.0288711188081975,0.0585368004808207,0.319108886474931,0.0120167907412487
2017,Bangladesh: Rohingya Refugee Crisis 2017,0,0,3048277,1204924,0,1997321,33093062.5,0,114784372.333333,16610178.1666667,1576436,2532718,15978554.1666667,0,14358210.3333333,128639923,21823651.5,0,0,0.00857105955448689,0.00338797142209536,0,0.00561601102538494,0.0930501425978862,0,0.322747470519706,0.0467040319095469,0.0044325784171967,0.00712142525522482,0.0449280493069018,0,0.0403720120785772,0.361706118281773,0.0613631296312203
2017,Burkina Faso 2017,0,0,0,0,0,0,0,0,6545807,0,0,0,16825300,0,0,9725572,0,0,0,0,0,0,0,0,0,0.197778363200731,0,0,0,0.508368226310561,0,0,0.293853410488708,0
2017,Burundi 2017,1e+06,0,0,1042470,0,888626,1221411,0,13822666,855336,0,0,3408923,0,2608047,23292522,936000,0.0203765583915446,0,0,0.0212419508264335,0,0.0181071395772447,0.0248881525615749,0,0.281658360875818,0.0174288039483902,0,0,0.0694621185617793,0,0.0531430219833927,0.474621434619337,0.0190724586544857
2017,Cameroon 2017,1169274,0,0,5867636,4381938,4069413,1769012,0,36248519,1058824,0,7563978,6187546,0,7300841,54059643,3996217,0.00874728173092394,0,0,0.0438954985627933,0.0327810643300384,0.0304430800569279,0.0132338924404248,0,0.27117340163362,0.00792101067112055,0,0.0565857502796698,0.0462887296605,0,0.0546172352243191,0.404417551056613,0.0298955043530495
2017,Central African Republic 2017,7530634,0,74999,21023335,523342,13649508,5294289.5,0,56282950,8173964,1388165,1097680,5385686,0,10318526,81991520,7051898.5,0.0342634060908665,0,0.00034123570384763,0.0956534422585569,0.00238113809148157,0.0621034876405533,0.024088329229798,0,0.256080108506393,0.0371904739898557,0.00631597035736003,0.00499430135601097,0.0245041714277834,0,0.0469479524030996,0.373050761166643,0.032085221777751
2017,Chad 2017,1885733,0,0,16097253,783062,6496356,1049000,0,103474243,5126670,0,9047521,25475418,0,2404567,122319329,2708578,0.00635209828969959,0,0,0.0542236537464008,0.00263774712057791,0.0218829981958632,0.0035335602155209,0,0.348553354047609,0.0172692060534838,0,0.0304766065344994,0.0858140357660295,0,0.00809979245639127,0.412033092987237,0.00912385458668748
2017,Cuba Plan of Action 2017,746142,0,0,0,0,209573,2550000,0,2709814,2471796,0,0,0,0,0,471698,1579013,0.0694858910884635,0,0,0,0,0.0195168837206357,0.237473593867631,0,0.252356576193263,0.230190697814759,0,0,0,0,0,0.0439277722667348,0.147048585048514
2017,DPR Korea Needs and Priorities 2017,0,0,0,0,0,0,0,0,2864311,26310243,0,0,3679908,0,0,20313734,1e+06,0,0,0,0,0,0,0,0,0.0528780947403159,0.485713849506821,0,0,0.0679348450149604,0,0,0.375012193501884,0.018461017236018
2017,Democratic Republic of the Congo 2017,6002092,0,0,30338774,0,2927390,5410290,0,88866969,20833195.5,2897197,18727031,9163402.5,0,13398658,124309247,5997675,0.0182505456280653,0,0,0.0922510316713843,0,0.00890130720524481,0.0164510548165649,0,0.270217562903462,0.0633474436998226,0.00880949942819837,0.0569432347494331,0.0278631342929395,0,0.0407412647430001,0.377986805994301,0.018237114867584
2017,Djibouti 2017,0,0,0,0,0,120000,0,0,3872848,0,0,5805326,1067520,0,0,5094124,0,0,0,0,0,0,0.00751888273412642,0,0,0.2426624163258,0,0,0.36374637856146,0.0668879808027886,0,0,0.319184341575825,0
2017,Dominica Flash Appeal 2017,399249,0,81043,0,3300007,0,274572,2978506,4091294,555542,0,0,0,0,1e+05,0,201215,0.0333223218467782,0,0.0067640518308836,0,0.27542685229173,0,0.0229164670521744,0.248593573320309,0.341469647858335,0.0463669272143521,0,0,0,0,0.00834625054709672,0,0.0167939080383407
2017,Ethiopia 2017,3652849,0,0,23030100,0,55345,2558932,0,214267720.5,20443293,0,0,53760964,2400000,1242072,84773008,25503215.5,0.00846179008764857,0,0,0.0533490083760799,0,0.00012820616795299,0.00592774172503893,0,0.496349143758736,0.0473566944777338,0,0,0.124536763572114,0.00555957725335938,0.00287724801593108,0.196375869573189,0.0590779569922177
2017,Haiti 2017,346186,0,0,538043,2172812,2162930,189438,0,19963266,6255208,188986,0,783366,0,914936,5363187,1454191,0.00858329088002844,0,0,0.0133401685075744,0.0538724195190341,0.0536274064899791,0.00469690125461696,0,0.4949666335247,0.155090817592511,0.00468569442511556,0,0.0194226752194611,0,0.0226848047714515,0.132974164365362,0.0360550234501668
2017,Hurricane Irma: Regional Response Plan for the Caribbean Region (Sep to Dec 2017),0,0,0,150739,171350,202113,180006,938466,90000,197860,0,0,0,0,248975,0,0,0,0,0,0.0691619075672548,0.0786186246535344,0.0927332715763046,0.0825901613620315,0.43058597142751,0.0412937042242083,0.0907819146422428,0,0,0,0,0.114234444546914,0,0
2017,Iraq 2017,0,0,8895158,26750420,9349973,16789584,49970709,0,110845778,75538352,2399664,18560540,0,0,44760772,305598624,44291265,0,0,0.0124625534765921,0.0374786529672997,0.0130997716417395,0.0235230322440294,0.0700114189287839,0,0.155300382070724,0.105832943196022,0.00336204718632912,0.0260042286269032,0,0,0.0627120411693134,0.42815868970208,0.0620542387901838
2017,Kenya Flash Appeal 2017,1640499,0,0,136274,0,2279646,0,0,49493691,1627619,0,0,41560965,0,1240941,82525645,2580748,0.00896026320479245,0,0,0.000744316764575831,0,0.0124512286650295,0,0,0.270330246063342,0.00888991376228884,0,0,0.227002384911644,0,0.00677791207530047,0.450747912888252,0.014095821664775
2017,Libya 2017,0,0,0,1587321,0,1558754,9285389,0,17158206,3939689,0,29482418,0,0,1887935,43063448,2696628,0,0,0,0.0143441536323926,0,0.0140860020443921,0.0839093329909506,0,0.155053667733396,0.0356018122861396,0,0.266423951580316,0,0,0.017060714050889,0.389151730527443,0.0243686351540814
2017,Madagascar Flash Appeal 2017,717477,0,0,0,0,473767,999969,1143958,1851091,812890,714271,0,0,0,0,0,1222553,0.0904081615166175,0,0,0,0,0.0596986432418647,0.126004539328244,0.144148369400311,0.233253099555745,0.102431005335702,0.0900041784400558,0,0,0,0,0,0.154052003181461
2017,Mali 2017,4181420,0,0,6548877,0,3482337,262548,0,36171497,487406,0,0,15616902,0,1889854,61338182,0,0.0321699602250434,0,0,0.0503841069800932,0,0.0267915308149377,0.00201992593835699,0,0.278287189464411,0.00374988200980707,0,0,0.120149402877109,0,0.0145396846074155,0.471908317082827,0
2017,Mauritania 2017,0,0,0,1645652,0,0,0,0,12606391,358610,0,562505,1344659,0,0,17148221,0,0,0,0,0.0488816652556502,0,0,0,0,0.374454249710049,0.0106519810855082,0,0.0167083813070014,0.0399411121676985,0,0,0.509362610474093,0
2017,Mozambique Cyclone Dineo Flash Appeal 2017,0,0,0,0,0,400137,4e+05,0,1667661,600074,0,0,0,0,0,0,0,0,0,0,0,0,0.130428192571268,0.130383536210116,0,0.543588845949244,0.195599425269372,0,0,0,0,0,0,0
2017,Myanmar 2017,750009,0,0,2315995,0,1296981,2106301,0,28337957,1857836,0,1491424,4484107,0,3957602,33911059,3290770,0.00894998368795548,0,0,0.0276371583159488,0,0.0154770926663389,0.0251348445044317,0,0.33816161259396,0.0221698698214241,0,0.0177974137268024,0.0535096038914826,0,0.0472267310704538,0.404666377191868,0.039269312529334
2017,Niger 2017,430000,0,0,23559127,0,2502798,2224282,0,86458938,1415957,0,0,21061915,0,4042959,144640793,2302662,0.00148974794784708,0,0,0.081621304886788,0,0.00867101903343206,0.00770609196496095,0,0.299539594089624,0.00490562566276678,0,0,0.0729696387185575,0,0.0140069531941393,0.501112382666802,0.00797764183508247
2017,Nigeria 2017,9069305,0,5179434,18024036,4085186,11466642,16415822,3756484,184211716.5,30084112,12857800,0,85280357.5,0,22057821,315576441,13023450,0.0124052063090076,0,0.00708455028625552,0.0246536956361023,0.00558781242230465,0.0156843396138438,0.0224539431237505,0.00513820618189445,0.25196907014583,0.0411497480769797,0.0175871978812002,0,0.116648456402495,0,0.0301712005751445,0.431652795541376,0.0178137778038169
2017,Pakistan Humanitarian Strategic Plan 2017,3149007,0,878477,2265465,0,0,3741640,0,47297171,0,0,21596072,12554499,0,0,81099283,2579050,0.0179778206367156,0,0.00501526415771066,0.0129336401693476,0,0,0.0213611887198601,0,0.270021647097661,0,0,0.123292932938414,0.0716741916438499,0,0,0.46299940379308,0.0147239108433615
2017,Peru Flash Appeal 2017,288286,0,497064,0,250016,480416,770000,0,258669,881445,0,0,0,0,243776,596736,1748290,0.0479302535222882,0,0.082641555735633,0,0.041567506797515,0.079873669467694,0.128019727673775,0,0.0430061492696724,0.146548505012222,0,0,0,0,0.0405300482251977,0.0992129613157635,0.290669622980239
2017,Republic of Congo 2017,0,0,0,30048,0,0,0,0,7655502,1296335,0,0,0,0,146350,1065289,499577,0,0,0,0.00281003611580962,0,0,0,0,0.715929083621299,0.121230969388581,0,0,0,0,0.0136863946202322,0.0996239537997443,0.0467195624543339
2017,Republic of South Sudan 2017,7529620,0,6348135,8276899,55064.6666666667,24343858.6666667,5984835,0,418411292.333333,18980797.1666667,93360714,30856176,90604388.5,0,22809123,693511130,22612486.6666667,0.00521555775911485,0,0.00439717605339427,0.00573317707943561,3.8141758745648e-05,0.0168623119036191,0.00414552827649631,0,0.289821831942434,0.0131474687881717,0.0646683625865851,0.0213732124799676,0.0627591327916988,0,0.0157992433139063,0.480375816456077,0.0156630388103536
2017,Senegal 2017,0,0,0,583676,0,0,0,0,951486,0,0,0,0,0,0,0,0,0,0,0,0.380204825288797,0,0,0,0,0.619795174711203,0,0,0,0,0,0,0,0
2017,Somalia 2017,51764981,0,3766651,19600547,34979142,20063834,9318473,0,274933296,73367283.3333333,7003683,445931,121624480.666667,0,25700115.6666667,497365946,59219315.3333333,0.0431679291041061,0,0.00314109114283091,0.0163453169875152,0.0291698575525114,0.0167316619640709,0.00777087471204765,0,0.229272778639409,0.0611825528438656,0.00584052163008875,0.000371871435504306,0.101425265832559,0,0.0214318782627582,0.414764141335716,0.0493842585570163
2017,Sudan 2017,3558044,0,0,3119934,513975,5504939.25,2447855,10362691,129342667.25,13596478.25,5e+05,86427691,21321654,0,4985861,305522171,12194758.25,0.00593602202876913,0,0,0.0052051062191209,0.000857484315044057,0.00918410246051927,0.00408385090325827,0.0172884770546198,0.215787360149497,0.0226835290417095,0.000834169283568322,0.144190650163869,0.0355717376833433,0,0.00831810419668248,0.509714420994617,0.0203449855053828
2017,Syria Humanitarian Response Plan 2017,10469244,0,7896063,107385479.5,26073193.1666667,114171793.5,193920739,0,544345689,178043750.166667,23836055,0,14129711,399997,96321291.1666667,869189622,63989602.5,0.00465264118915911,0,0.00350909272398229,0.0477232267238495,0.0115871988904008,0.0507391354216473,0.0861803982888901,0,0.241912899707237,0.0791244989129862,0.0105929913640433,0,0.0062793908891143,0.000177762837291793,0.0428061860698844,0.38627693045523,0.0284376465262839
2017,Syria regional refugee and resilience plan (3RP) 2017,0,0,0,0,236666,1004595,3428863.5,0,0,5335249,0,3306406698,0,0,2803586.5,198621831,525020,0,0,0,0,6.72659509628716e-05,0.000285529133916769,0.000974562311651781,0,0,0.00151640116285698,0,0.939757256264011,0,0,0.000796844126444732,0.0564529182231574,0.000149222826998922
2017,Ukraine Humanitarian Response Plan 2017,770238,0,0,3797671,0,3838681,1135022,0,15037143,6695686.66666667,1341549,428936,0,0,10821332.6666667,7930306,2630076.66666667,0.014151855997289,0,0,0.0697759564148749,0,0.0705294476921799,0.0208541618275844,0,0.276282762401546,0.123022226259461,0.0246487556590392,0.00788099328266477,0,0,0.198824183690529,0.145706325222122,0.0483233315527103
2017,Yemen Humanitarian Response Plan 2017,10599223,0,749522,14417939,10263002,13685399,20036821,24792095,742015044,142603614.5,31420703,15175788,85470400.5,0,34709107.5,979025567,69687209.5,0.00482957012260127,0,0.000341522115105263,0.00656958037621131,0.00467636994026799,0.00623579616414121,0.0091298420698866,0.0112965979948429,0.338101546407983,0.0649777965766122,0.0143169445948942,0.00691489671570556,0.0389448634698567,0,0.0158153167042674,0.44609615512816,0.0317532016194636
2017,occupied Palestinian territory 2017,730919,0,0,10240857,22250674,5419430,21899993,0,120606359,15396278,0,0,0,0,19249431,10446758,12110161,0.00306656749633712,0,0,0.0429654711545828,0.0933526063216218,0.0227371950745217,0.091881325706146,0,0.506003456417149,0.0645950176139495,0,0,0,0,0.0807609043239869,0.0438293279076065,0.0508081279840987
2018,"",16434450.75,0,7604896.5,873926076.333333,338722881.791667,108070349.166667,61801900.375,66534,677551710.708334,442700214.375,216810157,240293240,27419099.0416667,4424877.375,125044088.175,1863039466.16667,115162385.041667,0.00321043534860024,0,0.00148560051792703,0.170719618818052,0.0661688017218164,0.0211113151499899,0.0120728711042911,1.29972768018285e-05,0.132358299991413,0.086480554700765,0.0423534076408588,0.0469407784574535,0.00535626326241159,0.000864390477906385,0.0244270993242963,0.363940836782683,0.0224967294247347
2018,Afghanistan 2018,0,0,0,12123354,0,7863783.33333333,21989357.5,0,92887999.3333333,16148872,9300000,2080769,31648332.8333333,0,23668300.5,126562054,21128049.5,0,0,0,0.0331782295254074,0,0.0215209758266076,0.0601787220146535,0,0.254208477459061,0.0441949465298485,0.0254514991962033,0.00569448285279407,0.0866126363084687,0,0.0647735194786289,0.346364947919446,0.0578215628888811
2018,Bangladesh: Rohingya Refugee Crisis Joint Response Plan 2018,0,0,39938588.5,10439108,0,34678623,33099414.3333333,3206892.5,165980600,43946001.1666667,0,20033874,30987697,0,47067122,230741057,36583307.5,0,0,0.0573251866110931,0.014983599486831,0,0.0497753828954358,0.0475086920855058,0.00460295964150598,0.238237484752903,0.0630771595168037,0,0.0287552867721684,0.0444776738460101,0,0.0675570082276966,0.331190326152009,0.0525092400120376
2018,Burkina Faso 2018,0,0,0,0,0,0,0,0,25815445,0,0,4232715,8225341,0,0,11032395,0,0,0,0,0,0,0,0,0,0.523577241147793,0,0,0.0858460213358662,0.166822665589527,0,0,0.223754071926814,0
2018,Burundi 2018,350000,0,0,1126904,0,2e+05,2100001,0,11255185,2e+05,0,1641380,6263928,0,4616566,38249198,1428215,0.00519046200109483,0,0,0.0167118639739479,0,0.0029659782863399,0.0311427868364604,0,0.166913171593693,0.0029659782863399,0,0.024341487198163,0.0928933721759827,0,0.0684631725672753,0.567231453689578,0.0211802733911247
2018,Cameroon 2018,0,0,194650,3420889,6947396.5,1428185,1030047,0,23777567.5,3736017,0,5981921,5820279,0,7159207,45715764,5222881,0,0,0.00176257839874466,0.0309765479368261,0.0629094836805252,0.0129323813532553,0.00932719543740939,0,0.215308640381161,0.0338300686439395,0,0.0541669906889136,0.0527033035708562,0,0.0648274524035014,0.413961562335004,0.0472937951698633
2018,Central African Republic 2018,0,3400000,0,4503124,2410497.5,5823201,4908550.5,4e+05,118999852.666667,7932191.33333333,18150867,6421223,12960456,7145725,14825000.5,55573868,12664038.5,0,0.0123135495456219,0,0.0163086589659056,0.00872993541054343,0.0210894923610632,0.0177769646408638,0.00144865288772022,0.430973700509619,0.0287274797024566,0.0657357647354391,0.0232553081041137,0.0469380050264272,0.0258791878902614,0.0536906994619468,0.201268110899956,0.0458644898580626
2018,Chad 2018,0,0,0,1444170,0,2540833,0,0,94431987,1330095,6327680,14168557,30672339,0,1244635,69694728,704977,0,0,0,0.00648890184000314,0,0.0114163955274245,0,0,0.424299005102898,0.0059763434310912,0.0284313442288311,0.0636617403681626,0.1378160444922,0,0.00559235709205447,0.313150286155867,0.00316758176146845
2018,DPR Korea Needs and Priorities 2018,0,0,0,0,0,0,0,0,5824814,6267921,0,0,16532534,0,0,0,1556472,0,0,0,0,0,0,0,0,0.192991318824186,0.207672612391711,0,0,0.547766081486154,0,0,0,0.0515699872979495
2018,Democratic Republic of the Congo 2018,356043,0,0,12664028.5,0,12362061,12074677,655138,174247012.666667,17585941.6666667,26092950.5,56363112,80896169.6666667,0,32370514,273009345,19600819,0.000495689820918483,0,0,0.0176311007919593,0,0.0172106959082846,0.0168105944500483,0.000912095555584279,0.24258999756861,0.0244834817014599,0.0363271008293376,0.0784697940801769,0.112625182506218,0,0.0450668438579027,0.380088790769998,0.0272886321595021
2018,Ethiopia Humanitarian and Disaster Resilience Plan 2018,1199995,0,0,0,0,5627460,30000557.8333333,0,65548223.3333333,23147776,2806146,127877,67564760,0,9730617,120522003,34225697.8333333,0.00332868597828712,0,0,0,0,0.0156101043715779,0.0832190435798553,0,0.181825300864836,0.0642099987081038,0.00778401480275042,0.000354720125371707,0.187419005277801,0,0.0269919194396496,0.334317977542555,0.0949392293092125
2018,Haiti 2018,0,0,0,753457,0,0,0,0,10848900,4284843,0,0,1399954,0,0,7817736,3140456,0,0,0,0.0266754388492887,0,0,0,0,0.384095135531354,0.151700850115272,0,0,0.0495640591550905,0,0,0.276779615303703,0.111184901045291
2018,Indonesia: Central Sulawesi Earthquake Response Plan 2018,0,0,1499638.5,0,1284762,1600000,2937904.5,0,1199926,2218649,1200212,526712,0,0,1648123,5065380,3285757,0,0,0.0667483076560426,0,0.0571842408959177,0.0712153577343261,0.130764949972992,0,0.0534082245904494,0.0987511763886906,0.0534209543356444,0.0234437396893515,0,0,0.0733572931469817,0.225458030475188,0.146247725114416
2018,Iraq 2018,0,0,2433819.5,11708077,883172,31636775.5,25224468.3333333,0,59109045.3333333,57145272.5,858971,28007472,0,0,38719682.5,119755327,27048925.3333333,0,0,0.00604629072451482,0.0290861493085273,0.0021940471229486,0.0785946296589405,0.0626646589505307,0,0.146843458413354,0.141964895534209,0.00213392504658921,0.0695784211486137,0,0,0.096190558566857,0.297505843326236,0.0671971221986788
2018,Libya 2018,0,0,0,844295,0,19702,1165501,0,1640111,6158067,0,1945760,0,0,1848035,46688920,621717,0,0,0,0.0138563235002472,0,0.000323343482552745,0.0191278627681813,0,0.0269170237799749,0.101064401054367,0,0.0319332460974434,0,0,0.0303294118759193,0.766244949214624,0.0102034382266899
2018,Mali 2018,2e+05,0,0,6070830,0,11451789,0,0,49449289,497550,0,0,29843816.5,0,1564998,52486158,3744916.5,0.00128775250082019,0,0,0.039088632572771,0,0.0737353496180755,0,0,0.318392227867651,0.00320360628391542,0,0,0.192157246659469,0,0.0100766504413929,0.337945906114717,0.0241126279411889
2018,Mauritania 2018,0,0,0,0,0,0,0,0,18477170.5,0,1717094,5359555,7343924.5,0,0,14996594,2970018,0,0,0,0,0,0,0,0,0.36326362806992,0,0.0337582962811915,0.105369563707835,0.144382531846073,0,0,0.294835031431441,0.0583909486635396
2018,Myanmar 2018,375000,0,48000,2623573,0,6171606.83333333,7344406.83333333,0,31912627.3333333,3539008.5,0,0,6113805,432000,8373390.5,46184819,6551002,0.00313363737526567,0,0.000401105584034006,0.021923537092101,0,0.0515722075690089,0.0613725540055731,0,0.266673604679088,0.0295732514852877,0,0,0.0510891942748963,0.00360995025630605,0.0699711184759853,0.385937266635413,0.0547425725670404
2018,Niger 2018,0,0,0,1931562,0,1407377,6032245,0,70465929,483857,5036679,13963733,14894188,0,8057637,66224129,1549484,0,0,0,0.010163611261688,0,0.00740542251640938,0.0317408362844482,0,0.370781942049859,0.0025459884043311,0.026502306115935,0.073475225736479,0.0783711508564048,0,0.0423981679882884,0.348462178951482,0.00815316983467548
2018,Nigeria 2018,2080714.5,0,11059087,12377894,6602303,11372092,10882433,1610600,208797184.5,38176218,29948046,0,116302199,0,18171890,167234672,11235085,0.003221666258951,0,0.0171232946387905,0.0191652643631176,0.0102226503474989,0.0176079347215039,0.0168497731002475,0.00249376628877555,0.323290314104899,0.059109999677975,0.0463699413445297,0,0.180076060584047,0,0.0281363756893938,0.258937158418004,0.0173958004622674
2018,Pakistan Transition Plan: Humanitarian Component 2018,0,0,0,2391822,0,1345190,649943,0,34485389,1727324,0,0,9333666,0,0,51256892,3083231,0,0,0,0.0229379754811428,0,0.0129005984715746,0.0062330627438582,0,0.330720683788205,0.0165653278379367,0,0,0.0895114276301399,0,0,0.491562219904151,0.029568704142992
2018,Philippines: Marawi Conflict 2018,0,0,0,365031,991923,0,0,0,2402606,1336017,0,0,453766,0,5e+05,0,0,0,0,0,0.060342255349052,0.163972021424475,0,0,0,0.397168089162741,0.220853239765046,0,0,0.0750107904279853,0,0.0826536038707013,0,0
2018,Regional Refugee and Migrant Response Plan (for Refugees and Migrants from Venezuela),0,0,0,0,0,0,0,0,0,0,0,233146,0,0,0,0,0,0,0,0,0,0,0,0,0,0,0,0,1,0,0,0,0,0
2018,Republic of South Sudan 2018,0,0,2052808,8579413,5e+05,51924581,5044011.5,0,441411894.833333,29754404.1666667,46262425,122338356,96820087.8333334,0,50517123,305154731,33470018.6666667,0,0,0.00171951471402892,0.00718646210031869,0.000418820151234047,0.043494121734369,0.00422506731851254,0,0.369744393101208,0.0249234881059246,0.0387512716699075,0.102475537523289,0.0811004076577007,0,0.0423151781895379,0.25560990117441,0.0280358365595594
2018,Senegal 2018,0,0,0,0,0,0,0,0,1173606,0,0,0,1099923,0,0,0,0,0,0,0,0,0,0,0,0,0.51620454368517,0,0,0,0.48379545631483,0,0,0,0
2018,Somalia 2018,0,0,8228786.33333333,8425935,8630582,12578420.1666667,16209625.3333333,0,218018419,27559772.5,5659319,13261502,74262062,0,14761309.6666667,280992858,43484911,0,0,0.0112403827086386,0.0115096844469587,0.0117892287815657,0.0171819088278743,0.022142073560987,0,0.297809466405192,0.0376461822818442,0.0077305338665297,0.0181149870385556,0.101440718448514,0,0.0201636988995494,0.383831483085151,0.0593996516486401
2018,Sudan 2018,0,0,0,4889134,1641308,23527472,953826,0,88105850,12704369.8333333,10650567,56532469,38503211.5,0,3594079.33333333,216896810,12393521.3333333,0,0,0,0.0103937302859629,0.00348922992664821,0.0500166692666933,0.00202772314764514,0,0.187302790538265,0.0270080127688852,0.0226418667990236,0.120181454463216,0.081853349790451,0,0.00764059467730281,0.461097393326866,0.0263471850090414
2018,Syria Humanitarian Response Plan 2018,0,0,10848793,23493198,56614343,115304576,140863215,206087,431133372.5,157178895.5,7596696,10344872,38186157,941702,83247924.5,539003852,107686076.5,0,0,0.00629773576260795,0.0136378261823808,0.0328646857385566,0.0669344278084711,0.0817712446667046,0.000119633720553852,0.250273376812243,0.0912425143808687,0.00440989002895168,0.00600520909137096,0.0221671043567208,0.000546659002814362,0.0483255078501854,0.312892303772765,0.0625118808248056
2018,Syria regional refugee and resilience plan (3RP) 2018,0,0,0,0,242740,0,5104760,0,0,2960855,0,1750928043,0,0,3528616,129323004,2e+05,0,0,0,0,0.000128278569483602,0,0.00269766544597969,0,0,0.0015646957396736,0,0.925296797498403,0,0,0.00186473515999402,0.0683421354306752,0.000105692155791054
2018,Ukraine Humanitarian Response Plan 2018,192559.5,0,0,2277004,0,2375855,6308517,0,2643720.83333333,4872606,0,1741473,0,0,6911060.33333333,12061944,3067441.33333333,0.00453591536321773,0,0,0.0536369144379178,0,0.055965440267957,0.148602895102139,0,0.0622752652763196,0.114778696529161,0,0.0410219913082911,0,0,0.162796355111492,0.284130136918054,0.0722563896854518
2018,Yemen 2018,20978550.5,0,0,35938193.5,17791464,49915535,40345732.25,333861.5,948663510.25,198089923.25,32182410,28275796,143040394.5,0,65386305.5,437070732,136330899.75,0.00973779361074795,0,0,0.0166817393339985,0.00825841635078897,0.0231697217498447,0.0187276243763838,0.000154971354268481,0.440349273361959,0.0919490976737121,0.0149383851127594,0.0131250186054376,0.0663962860370628,0,0.0303509219060828,0.202878868180837,0.0632818823461168
2018,occupied Palestinian territory 2018  (part of 2018-2020 HRP),0,0,0,6360311,7063847,2899728,11894458,0,94238118,17236950,0,697697,0,321400,14158237,41459423,10106157,0,0,0,0.0308100377643807,0.0342180426132947,0.0140465975934875,0.0576180473198307,0,0.456499686009719,0.0834976592249564,0,0.00337972009829317,0,0.00155689653186329,0.0685840388382033,0.200833951094441,0.0489553229115306
2019,"",7836959.75,0,11326874,816510359.333334,71205661.0833333,175091114,41484320.1666667,0,301232429.183333,244808262.916667,36248380.6666667,157775637,54893504.75,10048398,182198741.633333,1319960063.16667,73956736.9166667,0.0022362067548607,0,0.00323202274329098,0.23298396817145,0.0203179020153665,0.0499606919434394,0.0118371817562932,0,0.0859539942032835,0.0698538602523719,0.01034315299368,0.0450198746027564,0.0156633733023737,0.00286722098874231,0.0519887902662226,0.376638862972296,0.0211028970335729
2019,Afghanistan 2019,0,0,0,1742996,0,13018680,30614733,0,126588647,13544353,2739421,0,41275791,1736244,10586377,106010489,22416217,0,0,0,0.00470731470419302,0,0.0351595894615843,0.0826813043838558,0,0.341878351646819,0.0365792761633881,0.0073983627927288,0,0.1114736567964,0.00468907955684746,0.0285906612041742,0.286302856500182,0.0605395467898271
2019,Bangladesh: 2019 Joint Response Plan for Rohingya Humanitarian Crisis (January-December),0,0,32014355,6191276,446428.333333333,63371092,19367083,0,140834439.333333,22773615,1483764,523560,61500150,0,41529716.3333333,155938460,44421980,0,0,0.0542252308488603,0.0104866510772748,0.00075615077775179,0.107336602372416,0.0328035516112705,0,0.238542365895543,0.0385734627681259,0.00251316777818039,0.000886794747644589,0.104167640765823,0,0.0703421466795968,0.264125233562124,0.0752410011153888
2019,Burkina Faso 2019,0,0,0,1453726,0,0,1671642,0,14167055,407474,0,4126949,8725794,6799382,4380979,9345131,1520642,0,0,0,0.0276380206124196,0,0,0.0317810069109215,0,0.269341924205306,0.00774683455549743,0,0.0784609352301634,0.165893486414721,0.129268830486429,0.0832905154785547,0.17766822854084,0.0289102175651471
2019,Burundi 2019,0,0,0,1010961,0,4626163,3072330,0,21647585,1928191,0,6689463,4352133,816667,8138566,16165832,0,0,0,0,0.0147697903504434,0,0.067586640470778,0.0448856780700519,0,0.316263725349843,0.0281702032280293,0,0.0977307394321324,0.0635831570033327,0.0119312222490537,0.118901632776385,0.236177211069951,0
2019,Cameroon 2019,0,0,0,3408174.5,3609216.25,2292528,1191953.25,0,24746800,2057261.5,161812.5,27268061.75,0,0,7317998,63351658,981642.25,0,0,0,0.0249889787968666,0.0264630312633806,0.0168089789954191,0.0087394863411795,0,0.181445304660985,0.0150839882180651,0.00118642080432442,0.199931375844283,0,0,0.053656083882299,0.46449888012141,0.00719747107178885
2019,Central African Republic 2019,32086,0,900908,5279336.5,6791862,6934970,4782675.5,605905,72067888.1666667,8809706.5,15640406,296208.5,19603668,0,19853301.1666667,64221313,12114570.6666667,0.000134852065884182,0,0.00378636492462715,0.0221881641065501,0.0285450546001456,0.0291465134745629,0.0201007813884144,0.00254651689146529,0.302889222813227,0.0370257159308828,0.0657339980168097,0.0012449145470752,0.0823909221687849,0,0.083440088416937,0.269911386020217,0.0509155046344173
2019,Chad 2019,0,0,0,1205562,0,5844753,0,0,99028945,1581403,9112562,18814192,39220967,0,560797,151916858,1121573,0,0,0,0.00367093196365984,0,0.0177972519102267,0,0,0.30154278214477,0.00481536645989801,0.0277477185882037,0.0572891471224486,0.119427703764674,0,0.00170762485249581,0.462586287433557,0.00341518576006697
2019,DPR Korea Needs and Priorities 2019,0,0,0,0,0,0,0,0,2556799,9091855,0,0,23412169,0,0,710163,1852284,0,0,0,0,0,0,0,0,0.0679579154071403,0.241655098028428,0,0,0.62227895129796,0,0,0.0188756320224159,0.0492324032440561
2019,Democratic Republic of the Congo 2019,0,0,149031.2,16700574,0,13191793,10696325.5333333,0,155031042,43845986.8666667,26751131,2270126,63895250.3333333,0,23386577.8666667,158872196,15149629.2,0,0,0.00028122295877295,0.0315141046538349,0,0.0248930093764278,0.0201840441094392,0,0.292544704282684,0.082737696247255,0.0504795788421672,0.00428374427977096,0.120570802290247,0,0.0441306425985833,0.299792989829486,0.0285874605313322
2019,Ethiopia 2019,12698265,0,0,3272860,0,5538252,19936568.3333333,0,137268547.333333,19635528,0,196658,126243740,0,10638127,127536143,25384884.3333333,0.0260024083199106,0,0,0.00670187951613096,0,0.0113407532353878,0.0408243795747792,0,0.281086653746973,0.0402079352283984,0,0.000402699236106427,0.258511007237023,0,0.0217838359817712,0.261157478272229,0.0519809696512898
2019,Haiti 2019,0,0,14316,527403.5,0,33632,2399954,0,20449747,6931530,527403.5,0,826060,0,14316,149031,3229288,0,0,0.000407832096927297,0.0150245931357779,0,0.000958103456542251,0.0683695356488583,0,0.582569376965822,0.197464404499474,0.0150245931357779,0,0.0235326754671531,0,0.000407832096927297,0.00424557315152082,0.0919954803452192
2019,Iraq 2019,0,0,13483799,11942875,9101007.5,21300419,34844202,137000,43462867.6666667,18505403,0,19143043,0,0,101058032.166667,145465693,52038686.6666667,0,0,0.0286594801460086,0.0253842844252397,0.0193439655808371,0.0452735119703404,0.0740604866197214,0.000291190100060315,0.0923792466041233,0.0393327748264705,0,0.0406880628221089,0,0,0.214796339405184,0.309183720438052,0.110606937061854
2019,Islamic Republic of Iran: Floods Response Plan (April 2019),0,0,0,0,0,0,685705,0,0,1469987,0,1800000,0,0,0,2393353,515784,0,0,0,0,0,0,0.0998866832662547,0,0,0.214133083285833,0,0.262206094281445,0,0,0,0.348639856870433,0.0751342822960339
2019,Libya 2019,0,0,0,2520772,0,2e+05,5032938,2450608,4125166,10908834,2450608,571646,0,0,26719764,26120880,1189932,0,0,0,0.0306323591451173,0,0.00243039506509254,0.0611601383905836,0.0297797279483815,0.0501289154454377,0.132563881597569,0.0297797279483815,0.00694662808689946,0,0,0.324697912830187,0.317420289239372,0.0144600243029785
2019,Madagascar Flash Appeal 2019,0,0,0,0,0,0,0,0,7171243,1918632,0,0,2029862.5,0,0,10518602,199982.5,0,0,0,0,0,0,0,0,0.328378847056106,0.0878562006732935,0,0,0.0929495636157393,0,0,0.481657977201728,0.00915741145313271
2019,Mali 2019,0,0,0,4863302,0,3817944,466516.5,0,44598628,399256,0,0,11966611,0,2299017.5,11511771,654942,0,0,0,0.0603552176060787,0,0.0473819723570164,0.0057896270629145,0,0.553484011042817,0.00495490157932462,0,0,0.148509677357543,0,0.0285315823472783,0.142864959596658,0.00812805105036874
2019,Mozambique Humanitarian Response Plan 2019,0,0,0,1160916.3,355000,985355,8982708.8,528302.5,108573547,5622723.8,5133724.5,3487963.5,674105.8,0,4235474,75451234,9815293.8,0,0,0,0.00515948241087188,0.00157773325765132,0.00437923198336061,0.0399220237114287,0.00234794485732489,0.482535481698785,0.0249891784164722,0.0228159095190687,0.0155016225786589,0.00299594123897366,0,0.0188237977231478,0.335329355528541,0.043622297075715
2019,Myanmar 2019,0,0,0,1029928,0,6636041.33333333,5000702.75,0,47212901.3333333,7904903.25,0,0,6988172.75,0,9677889,52085176,15602754.5833333,0,0,0,0.00676967506489105,0,0.0436184311367911,0.0328694168073954,0,0.310328489853104,0.0519586091667585,0,0,0.0459329766884929,0,0.063612372752351,0.342353754065975,0.10255627446424
2019,Niger 2019,0,0,0,2624646,0,4038796,3922894,0,60966313,2968229.5,3907575,36713163,28925876.5,0,3632674,16046907,3104846,0,0,0,0.0157303913554006,0,0.02420587069061,0.0235112307967448,0,0.365391737775628,0.0177896034999178,0.0234194188475626,0.220034405357757,0.173362563043925,0,0.0217718441597795,0.096174542072995,0.0186083923996799
2019,Nigeria 2019,0,0,6096291,6424724,18806029,35259587,10226499,206063,131838846,10968239,23102248,0,70485640,0,18448299,50795416,20069407,0,0,0.0151375165816924,0.0159530386726613,0.0466966842336246,0.0875520185759054,0.0253931116780942,0.00051166882935432,0.327365067946426,0.0272349039333039,0.0573644962444164,0,0.175020769886346,0,0.0458084156442858,0.126128567677291,0.0498337400965986
2019,Pakistan 2019,0,0,0,3261098,0,121044,0,0,24368852,3359423,0,0,16332634,0,526251,5964161,3500710,0,0,0,0.0567797502716719,0,0.00210752577563883,0,0,0.424291858437659,0.0584917101531174,0,0,0.284371361976432,0,0.00916268090079403,0.103843420884636,0.0609516916000514
2019,Regional Refugee and Migrant Response Plan (for Refugees and Migrants from Venezuela),0,0,0,67047,0,0,352403,0,1633589,849708,0,231797177.333333,0,0,2082369.66666667,7995909,0,0,0,0,0.000273909192805047,0,0,0.00143968292797705,0,0.0066737519108268,0.00347133849985818,0,0.946968212416092,0,0,0.00850716951568873,0.032665935536752,0
2019,Somalia 2019,0,0,6116711,14634879,0,9544905.75,9154019.08333333,0,241711828.083333,19882059,0,14162246,112726244.5,0,17350974,121447706,27595441.5833333,0,0,0.0102918273205061,0.0246242870595817,0,0.0160600233964798,0.0154023271157137,0,0.406698370408136,0.0334530629294263,0,0.0238290464111396,0.18967040340522,0,0.029194321629809,0.204344919781822,0.0464314105421655
2019,South Sudan 2019,0,0,19698153,14934094,0,19221009.3333333,11276164.3333333,0,415092044.333333,47504619.1666667,42457070,6074429,185687698.166667,911085,48475719,97729193,59005117.6666667,0,0,0.0203479359281468,0.0154267249247644,0,0.0198550527244345,0.0116481311405146,0,0.42878468465435,0.0490716539309218,0.0438576012713905,0.00627480617558798,0.191812977843171,0.000941138958819928,0.0500747874322455,0.100952985666905,0.0609515193487479
2019,Sudan 2019,0,0,0,3528287,18538324,27584377.7,19993737,0,138735966,26277995.9,17492237,68207087,34334323.5333333,0,42372729.1666667,53322883,21928572.7,0,0,0,0.00747017487340904,0.0392497895267352,0.0584023139821576,0.0423312252554706,0,0.293735154552714,0.0556364107272809,0.0370349887401779,0.144409700088407,0.0726934631321668,0,0.0897125706436579,0.112896502116843,0.0464277063609801
2019,Syria Humanitarian Response Plan 2019,0,0,25896615,19338471,23227713.3333333,92850820,61540028.5,1440713,656969847.5,112756291.333333,4289339,0,61844489.5,0,87027400.3333333,422987240,64823928.5,0,0,0.0158389770668221,0.0118278623934597,0.0142066142158496,0.0567897390688175,0.0376393246801977,0.000881173858702091,0.401818166125036,0.0689643921635541,0.00262346032687382,0,0.0378255401680806,0,0.0532279990286302,0.25870891596907,0.0396478349349061
2019,Syria Refugee Response and Resilience Plan (3RP) 2019,0,0,0,204700,0,93000,900000.5,0,0,0,0,2126754976.5,0,0,0,30124839,0,0,0,0,9.48529413250233e-05,0,4.30939108120526e-05,0.000417038078255944,0,0,0,0,0.985485906197635,0,0,0,0.0139591088719725,0
2019,Ukraine Humanitarian Response Plan (HRP) 2019,0,0,0,3888906,0,1767361,4105786,0,3217926,1976498.5,0,1173681,1513535.5,0,12258255,12702626,2968055,0,0,0,0.0853342455767859,0,0.038781193887647,0.0900932423693783,0,0.0706109346772394,0.0433702970401313,0,0.0257540765147853,0.0332115021669805,0,0.268982830264569,0.278733660971509,0.0651280165309748
2019,Venezuela 2019,0,0,0,50000,0,8603639.75,0,0,2784851.75,7569763.5,0,334447,3643184,0,11982862.75,6953410,13641126.25,0,0,0,0.000899874800419018,0,0.154843972058168,0,0,0.050120358254556,0.136236788375633,0,0.00601920854751479,0.0655681894977952,0,0.215661524512095,0.125143968719632,0.245506115234188
2019,Yemen 2019,1077906,0,8059312,55882409.3333333,0,47380844.8666667,70181610.1666667,2768076,1456856734.16667,289657345.366667,47781504,51903656.3333333,237466163.366667,0,117496542.7,301624696,162444872.7,0.000378135455724583,0,0.00282725174175355,0.0196038618583139,0,0.0166214654768345,0.0246201015152133,0.000971056548289259,0.511073493513851,0.101613417398361,0.0167620189425108,0.0182080930446413,0.0833044587411359,0,0.0412184445767325,0.105811630958311,0.0569865702283283
2019,Zambia 2019 - 2020,0,0,0,0,0,0,0,0,0,0,0,0,0,0,337934,0,0,0,0,0,0,0,0,0,0,0,0,0,0,0,0,1,0,0
2019,Zimbabwe Flash Appeal 2019 / 2020,8e+05,0,202901,50000,5203627.5,442000,1739955,0,176554789.5,1549869,781854,696349,2009657,0,2383982,6708819,7530497,0.00387119938951186,0,0.000981837784164181,0.000241949961844491,0.0251803495015589,0.0021388376627053,0.00841964091722263,0,0.854348491659743,0.00749981490827919,0.00378339090935925,0.00336963227960899,0.00972472868941029,0,0.0115360870787591,0.0324639700214319,0.0364400692364011
2019,occupied Palestinian territory 2019  (part of 2018-2020 HRP),0,0,0,3352725,0,5832583,9019615,0,137737343,13245733.8333333,0,0,3832408.83333333,0,23230432,25870556,20922754.3333333,0,0,0,0.0137947158415674,0,0.0239980389406697,0.0371110144510328,0,0.566717373914503,0.0544992906796318,0,0,0.0157683647911911,0,0.0955811193333346,0.106443853487344,0.0860862285607249
2020,"",28041791,523847258,3314514,220133333.833333,13139734.5,52012277.3,49938326,0,294925038.9,451375341.8,9244463.5,75683125,43544854.6666667,5435866,149759150.3,1725914831.83333,77932321.8,0.00752952930556192,0.140658750389704,0.000889983464205095,0.0591082213054483,0.0035281632326927,0.0139658685202868,0.0134089897855563,0,0.0791906167242149,0.121199243796201,0.00248224012644012,0.0203217514752894,0.0116922724129533,0.00145958980822971,0.0402119790051891,0.463427115093792,0.0209256855542352
2020,Afghanistan 2020,804977.5,2702702.5,0,5020431,0,2754896,12619516,0,151761380,35779708,9882215,6112985.5,25684085,0,27860777.5,173967544,20788432,0.00169205467738499,0.00568105370237692,0,0.010552895895896,0,0.00579076391887874,0.026526096784239,0,0.319000907323995,0.0752085894038893,0.0207723173798947,0.0128494345594276,0.0539876905361998,0,0.0585630764641963,0.365678042601663,0.0436970767519588
2020,Bangladesh Intersectoral COVID-19 Response Plan 2020,0,0,0,0,0,0,132114,0,17518258,3020030,0,147000,341793,0,113990,21491057,2974000,0,0,0,0,0,0,0.00288848006007752,0,0.383011179135394,0.0660285543987458,0,0.00321394075443477,0.00747280579782669,0,0.00249222521495251,0.469870639103269,0.0650221755352993
2020,Bangladesh: 2020 Joint Response Plan for Rohingya Humanitarian Crisis (January-December),0,434656.5,14012599,1961451,1147319.41666667,12226612.25,15121538.8333333,4140137,196254632.25,31803970.8333333,8231897,62639842.5,7822523,98039,35371075.4166667,66135675,16251371,0,0.00091766797210804,0.0295840814719052,0.00414111088079734,0.00242227663097798,0.0258134192614371,0.0319253292573284,0.00874085887370709,0.414342337900541,0.0671460921891385,0.0173795818688833,0.132248286267759,0.0165152915421223,0.000206984711645863,0.0746771371160746,0.139628858101159,0.0343106859544155
2020,Benin Intersectoral COVID Response Plan 2020,0,0,0,0,0,0,0,0,0,0,0,0,0,0,0,789372,0,0,0,0,0,0,0,0,0,0,0,0,0,0,0,0,1,0
2020,Burkina Faso 2020,0,0,0,6815317,0,6677419,8002946,0,63201524,15065722.5,0,14959,9398659,680029,8390241,21855848,8662233.5,0,0,0,0.0458126687923384,0,0.0448857162527682,0.0537959297360591,0,0.424841645103672,0.101272025205839,0,0.000100554634870922,0.0631779346227226,0.00457116570603907,0.0563993328587501,0.146915356336278,0.0582276707506632
2020,Burundi 2020,0,0,0,763025,0,135122,8669359,0,20065828,1338014.5,0,9386104,4528610.5,284414,5581359,21639221,1638191,0,0,0,0.0103070748469578,0,0.00182525155462879,0.117107214164866,0,0.271052706087194,0.0180741333479438,0,0.126789130696019,0.0611732608711627,0.00384191394190577,0.0753939713125277,0.292306373286407,0.0221289698903871
2020,Burundi Regional Refugee Response Plan 2020,0,0,0,200828.5,0,89930.5,0,0,333333.333333333,1810119,0,22889006.3333333,691132.333333333,0,48592,2073960,158360,0,0,0,0.00709760171155157,0,0.00317828829434412,0,0,0.0117805353183629,0.0639725124298195,0,0.8089342425362,0.0244257265874878,0,0.00171731931656968,0.0732970770866161,0.00559669671904787
2020,COVID-19 Global Humanitarian Response Plan,0,135576572,0,0,0,0,0,0,0,40095882,0,2957295,214443,0,15766711,42980935,0,0,0.570628070144396,0,0,0,0,0,0,0,0.168759509322875,0,0.0124469553537441,0.000902568883700458,0,0.066360490885213,0.180902405410071,0
2020,Cabo Delgado Province Mozambique Rapid Response Plan 2020,0,0,1476500,740925,0,369746,2604055.33333333,0,16346333,1461740,874125,104587,115390,0,4209938.33333333,189107,1877247.33333333,0,0,0.048617546162961,0.0243968543114066,0,0.0121748345571082,0.0857451949740861,0,0.538244902961485,0.0481315353391444,0.0287828056482887,0.00344379498851717,0.00379951144716835,0,0.138623007967526,0.00622683257855677,0.0618131790637513
2020,Cameroon 2020,0,0,0,5215814,4607431,1390911,3766315.83333333,0,50769442.4166667,8093365.25,0,29873496.6666667,4405413.25,149929,7339115.66666667,61540074,7151620.91666667,0,0,0,0.0283002230528849,0.0249992283085202,0.00754687409227229,0.0204354637973948,0,0.275467366102829,0.0439133837639661,0,0.162089104219644,0.0239031103515452,0.0008134922261599,0.0398209388558695,0.333907194714198,0.0388036205147161
2020,Central African Republic 2020,0,83798,9726693.33333333,5745375.33333333,264574,5202485.5,2984911,110011,88104787.5,5850828.66666667,16520988,3807420.5,14569909.6666667,13130920.5,19627732.8333333,68055417,20921471.1666667,0,0.000305044651812778,0.0354074772805596,0.0209145327822906,0.000963112290373445,0.0189382846596402,0.0108657860174125,0.000400466206718245,0.320722382705748,0.0212984079982763,0.0601403259273859,0.0138599162357972,0.0530379367193962,0.0477996738812832,0.0714496160769756,0.24773790523328,0.0761591313330498
2020,Chad 2020,0,0,1075918.5,414938,0,9980501,2715918.5,0,87384687,2569664.5,6539748,46272431,13874710,23265580,13675293,22309903,4185283.5,0,0,0.00459274943899329,0.00177123663801394,0,0.0426035432689576,0.0115933810667132,0,0.373017075360126,0.0109690698605665,0.027916077247633,0.197522099969566,0.0592266668606354,0.0993132653568587,0.0583754199354494,0.0952337881421731,0.0178656268543136
2020,Colombia 2020,0,0,0,0,1202706.5,356758,152970.5,0,7385984,0,0,1786632,0,0,2382269,5020792,39013,0,0,0,0,0.0656243955339422,0.0194661192085502,0.00834667194118008,0,0.403008327820103,0,0,0.0974856667371451,0,0,0.129985963428525,0.27395415265624,0.00212870267431471
2020,Colombia Intersectoral COVID-19 Response Plan 2020,0,0,0,0,0,130472,0,0,9678433.83333333,1108596.33333333,0,0,0,0,6123121,3727392,1295018.83333333,0,0,0,0,0,0.00591360190987332,0,0,0.438671935751598,0.0502467762744386,0,0,0,0,0.277528512171082,0.168942857088468,0.0586963168045398
2020,DPR Korea Intersectoral COVID Response Plan 2020,0,0,0,0,0,0,0,0,0,941120,0,0,0,0,0,453307,0,0,0,0,0,0,0,0,0,0,0.674915216070831,0,0,0,0,0,0.325084783929169,0
2020,DPR Korea Needs and Priorities 2020,0,0,0,0,0,0,0,0,1156000,8193234,0,0,13879297,0,304723,429470,1757181,0,0,0,0,0,0,0,0,0.0449457336642573,0.318556153298389,0,0,0.539632514194745,0,0.0118477498264477,0.0166979621425507,0.0683198868736102
2020,Democratic Republic of Congo Regional Refugee Response Plan 2020,0,0,0,0,0,0,0,0,2726869,974000,0,1529896,0,0,0,18208140,4491255,0,0,0,0,0,0,0,0,0.097631699925815,0.034872696755049,0,0.0547757692759368,0,0,0,0.651916780999464,0.160803053043735
2020,Democratic Republic of the Congo 2020,0,509860,144531.666666666,15311786,0,11139030,14122883.6666667,0,217073613,19965671.3333333,26433568,25253151.5,66855255,0,16381872.8333333,109200224,19173844,0,0.000941456198307214,0.0002668776398129,0.0282732040890708,0,0.0205682125223199,0.0260778966107462,0,0.400826302215886,0.0368666006945658,0.0488095681892583,0.0466299297973289,0.123448190109362,0,0.0302491188146201,0.201638151142149,0.0354044919765731
2020,Djibouti Flash Appeal 2019 - 2020,0,0,0,0,0,205226,532245,0,1042851,990000,0,0,0,0,0,0,273424,0,0,0,0,0,0.0674254684852153,0.174865116865862,0,0.342620902006935,0.32525710095389,0,0,0,0,0,0,0.0898314116880975
2020,Djibouti Intersectoral COVID-19 Response Plan 2020,0,0,0,0,0,0,0,0,4e+05,0,4e+05,0,0,0,0,2383103,0,0,0,0,0,0,0,0,0,0.125663542775713,0,0.125663542775713,0,0,0,0,0.748672914448574,0
2020,Ecuador Intersectoral COVID-19 Response Plan 2020,0,0,0,0,0,0,0,0,5e+06,630979,1e+06,0,0,0,4466363,2288670,166363,0,0,0,0,0,0,0,0,0.368939023602874,0.0465585552347836,0.0737878047205748,0,0,0,0.329563120855201,0.168875935029838,0.012275560556729
2020,Ethiopia 2020,11267298,0,0,2289876,0,2701399,16707853,0,114563525,23307478.1666667,6600013,1813063,83832005.8333333,0,11744886.1666667,80377746,25734881.8333333,0.0295776165815078,0,0,0.00601111946690296,0,0.00709140238020408,0.0438595366816601,0,0.300739007406743,0.0611841146560188,0.01732559606988,0.00475944474461564,0.220066153020632,0,0.0308313261822951,0.210998426852101,0.0675562559574393
2020,Global Operational Support COVID-19,0,281119700,0,0,0,0,0,0,0,0,0,0,0,0,0,2580600,0,0,0.99090378120855,0,0,0,0,0,0,0,0,0,0,0,0,0,0.00909621879144999,0
2020,Haiti 2020,0,0,0,3e+05,0,1165000,149776,0,91578976,3623552,4393195,14167871,1483910,0,2223361.66666667,630000,10119302.3333333,0,0,0,0.00231062602068053,0,0.00897293104697607,0.00115358774291149,0,0.705349216309594,0.0279089117949633,0.0338367689364121,0.109122171300817,0.0114292035278268,0,0.0171245244012788,0.00485231464342912,0.0779397442751108
2020,Iran Intersectoral COVID Response Plan 2020,0,50000,0,0,0,0,0,0,7e+06,11197465,0,0,0,0,12037488,5443529,2159091,0,0.00131969392708263,0,0,0,0,0,0,0.184757149791569,0.295544531184407,0,0,0,0,0.317715996218602,0.143675843263964,0.0569867856143755
2020,Iraq 2020,603899.5,0,1389356,6863115,11801781.5,7076963,1722511,0,19891782,34239225,0,27447240,0,0,60326158,162232539,12212949,0.00174634577566834,0,0.00401771483748449,0.0198466332364508,0.0341281807119989,0.0204650350589977,0.00498112650928218,0,0.0575226994991974,0.0990123786174817,0,0.079371437843143,0,0,0.17445010500191,0.469141155372044,0.0353171875363416
2020,Jordan Intersectoral COVID-19 Response Plan 2020,0,0,0,0,0,0,0,0,0,120251,0,1210692,0,0,0,15835144,0,0,0,0,0,0,0,0,0,0,0.00700514916416304,0,0.070528129095466,0,0,0,0.922466721740371,0
2020,Kenya Intersectoral COVID-19 Response Plan 2020,0,0,0,0,0,0,0,0,7702997,2220326,0,2380640,0,0,0,16400132,10193373,0,0,0,0,0,0,0,0,0.198033378419387,0.0570815046367543,0,0.0612029554211601,0,0,0,0.421624667189134,0.262057494333564
2020,Lebanon Flash Appeal 2020,0,0,0,0,0,12323815,18730482.5,0,45985001,9799203,0,133514,0,0,2219800.5,17609236,445309,0,0,0,0,0,0.11491126491462,0.174649119330026,0,0.428779126594328,0.0913709603629348,0,0.0012449280213806,0,0,0.0206981428488748,0.164194251775126,0.00415220615271039
2020,Lebanon Intersectoral COVID Response Plan 2020,0,832263,0,0,0,0,0,0,1662221,4860553,0,25556256,0,0,0,37536213,505481,0,0.0117297810168302,0,0,0,0,0,0,0.0234270757339645,0.0685038531217861,0,0.36018576638641,0,0,0,0.529029355733819,0.00712416800719046
2020,Lesotho Flash Appeal 2019-2020,0,0,0,0,0,0,0,0,7024636,150002,0,0,195001,0,300001,0,555001,0,0,0,0,0,0,0,0,0.854096367245695,0.0182381212748374,0,0,0.0237093631199222,0,0.0364758777921127,0,0.0674802705674327
2020,Liberia Intersectoral COVID Response Plan 2020,0,0,0,0,0,0,0,0,0,102799,0,0,0,0,0,1268275,0,0,0,0,0,0,0,0,0,0,0.0749769888423236,0,0,0,0,0,0.925023011157676,0
2020,Libya 2020,0,0,0,6873343.5,0,1656345,6030830,116569,7413793,18379902,21249.5,0,22052,0,37075302,3012598,7463363,0,0,0,0.0780482191252821,0,0.0188081357358417,0.0684813062736243,0.00132366480086657,0.084185133569053,0.20870754077651,0.000241292412099393,0,0.000250404963486943,0,0.420997625774415,0.0342086655265209,0.0847480110423002
2020,Mali 2020,0,117734.5,0,9050328,0,10433902.5,1025257.33333333,0,52322327,1954792,0,0,17928983,5068378.5,12292584.1666667,20802874,4802208,0,0.000866973836969743,0,0.066644845750351,0,0.0768332178332876,0.00754979453058676,0,0.385291385264095,0.0143947060608212,0,0,0.132025525096512,0.0373225482365828,0.090520186192225,0.153188296478756,0.0353625207198128
2020,Mozambique COVID-19 2020,0,0,163755,0,0,0,0,0,34686114,2316924,2788938,0,0,0,20000,12449329,3272800,0,0,0.00294005909742313,0,0,0,0,0,0.622754877835522,0.0415980793517022,0.0500726239751402,0,0,0,0.000359080223189904,0.223515391794227,0.0587598877227958
2020,Myanmar 2020,0,244444.444444444,75885,1535512.44444444,0,5305408.44444444,5981076.69444444,0,31820353,6629326.69444444,2522542.44444444,363636,8535534.69444444,0,14343141.4444444,49890632,11245942.6944444,0,0.00176502548788265,0.000547932105605352,0.0110872579148404,0,0.0383080137057502,0.0431867160436719,0,0.229760730320822,0.0478674432948898,0.0182141660810874,0.00262565512491148,0.0616313302707317,0,0.10356549637807,0.360238242626892,0.081201990644845
2020,Niger 2020,0,0,0,2374492,0,16342390,6831894,0,124141851,3489099,5857626,31339529,29264381,2635126,16051730,30755589,5507739,0,0,0,0.0086473633268241,0,0.0595152916744537,0.0248802142219682,0,0.452096570408097,0.0127065101656517,0.0213321503103196,0.114131483178103,0.106574263059892,0.00959653346229875,0.0584567736316156,0.112004905644439,0.0200579409163387
2020,Nigeria 2020,0,0,9417984,5448944,5675069.66666667,9647234.5,8625240,1142640,161667965.666667,20182907,2140603,585207,45643567.1666667,5123815,27211157,65058743,19891983,0,0,0.0243067919816666,0.0140631315924672,0.0146467373345647,0.0248984625786004,0.0222608059720583,0.00294902951522656,0.417247429126964,0.0520898869688378,0.00552466343501236,0.00151035559364033,0.117801080615702,0.0132240090190791,0.070229035511153,0.167909536976248,0.0513390437787798
2020,Pakistan Intersectoral COVID Response Plan 2020,0,0,0,0,0,218355,0,0,2217474,6412761.83333333,0,0,4028695.83333333,0,818403,23500991,684887.333333333,0,0,0,0,0,0.00576414893913578,0,0,0.0585370172639105,0.169284487731166,0,0,0.106349764437769,0,0.0216042535514897,0.620380629439626,0.0180796986369026
2020,Philippines Intersectoral COVID Response Plan 2020,0,0,0,0,0,0,1e+06,0,0,1455244.33333333,0,0,55244.3333333333,0,0,4174142,2455244.33333333,0,0,0,0,0,0,0.109410686688822,0,0,0.159219281810017,0,0,0.00604432044566619,0,0,0.456695742556654,0.26862996849884
2020,Refugee and Migrant Response Plan 2020 for Refugees and Migrants from Venezuela (RMRP,0,250000,0,5000542,1152375,3967754.5,10389315,0,3347562,20376258,52545,247273562,1306032,6866598,44757360.5,54656523,6855036,0,0.000615382399250584,0,0.0123089821340533,0.00283660516934557,0.00976674513538921,0.0255736063650803,0,0.00824012294080034,0.0501567621431557,0.000129341072674488,0.608671191419193,0.00321483642263216,0.0169023342077171,0.110171567554453,0.134538649033739,0.0168738740025165
2020,Regional Migrant Response Plan for the Horn of Africa and Yemen 2020,0,0,0,0,0,0,0,0,0,0,0,0,0,0,3568407,11011730,0,0,0,0,0,0,0,0,0,0,0,0,0,0,0,0.244744408094382,0.755255591905618,0
2020,Republic of Congo Intersectoral COVID-19 Response Plan 2020,0,0,0,0,0,0,0,0,0,186905,0,0,0,0,0,974500,0,0,0,0,0,0,0,0,0,0,0.160930080376785,0,0,0,0,0,0.839069919623215,0
2020,Sierra Leone Intersectoral COVID Response Plan 2020,0,0,0,0,0,0,0,0,3900000,0,0,0,0,0,0,9643878,1890789,0,0,0,0,0,0,0,0,0.252677948931454,0,0,0,0,0,0,0.624819310970557,0.122502740097989
2020,Somalia 2020,3657504,0,6718766,12582631,0,3610334,13437667,0,134948968,16981468.1666667,0,2602577.66666667,55747263.5,23772693,8812268,72489975,27471378.6666667,0.00955377222035855,0,0.0175500997308245,0.032867111151983,0,0.00943055938569471,0.0351005520953713,0,0.352500421501782,0.0443573209575719,0,0.00679819740815747,0.145617518774363,0.0620966905262474,0.0230185397519058,0.18935118304983,0.0717580334459102
2020,South Sudan 2020,991988,1121857,7717166.33333333,14197334,0,31157410.3333333,14050043,0,409476885.166667,39727708.5,43491371.5,10715889.5,138711895.5,38326048,32386384.5,109867893,55360521.6666667,0.0010471736359329,0.00118426742429019,0.00814648274815388,0.0149871509184928,0,0.0328907392680255,0.0148316659206801,0,0.432256638861013,0.041937814728835,0.045910855398819,0.0113120289458847,0.146428626110276,0.0404581779568896,0.0341880829320375,0.115979992686502,0.0584403024641686
2020,South Sudan Regional Refugee Response Plan 2020,0,1e+06,0,0,0,301028,799742,0,0,2493838.5,0,2687764,0,0,149890,53854375,2915319.5,0,0.0155758491910145,0,0,0,0.00468876673027272,0.0124566607837203,0,0,0.0388436523827459,0,0.041864206725038,0,0,0.00233466403524117,0.838827623276344,0.0454085768756239
2020,Sudan 2020,0,400003.5,0,3472385,1375000,46687617,8376729.33333333,0,192820366,47019943,23605093,137196024.5,58259804,8824054,28530624.6666667,106846848,26869638,0,0.000579476599005688,0,0.00503037060985308,0.00199193337966498,0.067635361977683,0.0121351903792621,0,0.27933478059245,0.0681167956157416,0.0341961983103972,0.19875297509737,0.0843997442038831,0.01278322015023,0.0413317117208919,0.154786765849593,0.0389254755139742
2020,Syria Humanitarian Response Plan 2020,0,0,15588928.3333333,11059300,14289115.3333333,68355767,100208878.333333,1084317,511006594.5,107020225,9799777,14300375.1666667,33839796.5,0,102528909.5,497918757,49176838.3333333,0,0,0.0101478686751054,0.00719923279130218,0.00930173407597516,0.0444973080810731,0.0652326135358426,0.000705853942163284,0.332648127069169,0.0696665714061955,0.00637932562873319,0.00930906384923007,0.0220285707606985,0,0.0667428758898713,0.324128384508859,0.0320124697857821
2020,Syria Refugee Response and Resilience Plan (3RP) 2020,0,0,0,64800,4128425.52380952,86461091.5238095,12448528.8571429,0,7802889.52380952,17703144.0238095,0,1416085511,1415698,3061181,47951265.0238095,177712879,22294510.5238095,0,0,0,3.60574931921283e-05,0.00229723264226806,0.0481106515278355,0.0069268942055315,0,0.00434186166487177,0.00985078696169411,0,0.787970581363488,0.000787754953659099,0.00170337211523723,0.0266821359899684,0.0988870513070373,0.0124056197752175
2020,Tanzania Intersectoral COVID-19 Response Plan 2020,0,0,0,0,0,0,0,0,0,0,0,0,0,0,1022727,9159465,5112810,0,0,0,0,0,0,0,0,0,0,0,0,0,0,0.0668667450975162,0.598853468603665,0.334279786298818
2020,Togo Intersectoral COVID Response Plan 2020,0,0,0,0,0,0,0,0,0,0,0,0,0,0,0,2232131,57964,0,0,0,0,0,0,0,0,0,0,0,0,0,0,0,0.974689259615868,0.0253107403841325
2020,Uganda Intersectoral COVID-19 Response Plan 2020,0,0,0,0,0,0,0,0,2311248,499984,0,6179089,0,0,2e+06,5445222,89780,0,0,0,0,0,0,0,0,0.139860987891129,0.0302556264709622,0,0.373916382753911,0,0,0.121026378727968,0.329507750014932,0.00543287414109848
2020,Ukraine 2020,0,100017,0,2502127,0,459420,2760691.25,0,6233819.25,3036680.75,0,6571541.5,966696.5,350017,7988654.5,17900604,10399677.25,0,0.00168748255650511,0,0.0422157799840074,0,0.0077513146376074,0.0465782649776668,0,0.105176732403299,0.0512347480458309,0,0.110874767795469,0.0163100621012882,0.00590547188958127,0.134784237866523,0.302018226910482,0.175462910831739
2020,Venezuela 2020,0,1363636,0,2552345,0,6240436,1118542,0,412630,13844275,0,1570407,3406943,386361,15791237,35683597,13151277,0,0.0142756692967082,0,0.026720058102827,0,0.0653300445304117,0.011709822626037,0,0.00431975206132773,0.144933319120854,0,0.0164403191124579,0.0356666966703247,0.0040447464463724,0.165315727362685,0.373565401682713,0.137678442987281
2020,Yemen 2020,5e+06,0,3750000,15956433,49824952,51560964.4166667,46875358,1825265,752856947,97270453.25,21757121,172292570,92425512.75,1216950,52439670.9166667,168497842,33519549.6666666,0.00319066877125136,0,0.00239300157843852,0.0101823384947329,0.0317949836750996,0.0329027917959722,0.0299127481823655,0.00116476320695162,0.480423430002508,0.062071559510048,0.0138839533054074,0.109945704523528,0.0589798394396638,0.000776576872234868,0.0334635240737013,0.107524160498529,0.0213899560695684
2020,Zambia 2019 - 2020,0,0,0,0,0,506495,0,0,12740195,798779,0,0,498577,0,1775766,0,1139550,0,0,0,0,0,0.0290099374765241,0,0,0.729705644455966,0.0457507553826996,0,0,0.028556427205072,0,0.101708527493731,0,0.0652687079860078
2020,Zambia Intersectoral COVID-19 Response Plan 2020,0,6e+05,0,0,0,0,0,0,172500,5e+05,0,6e+05,0,0,863717,1697700,796710,0,0.114709001425642,0,0,0,0,0,0,0.032978837909872,0.0955908345213681,0,0.114709001425642,0,0,0.165126857640585,0.324569119533853,0.152316347543038
2020,Zimbabwe 2020,500002.5,0,0,0,0,0,0,0,141157535.5,3136274.16666667,0,0,3071684,0,2257950.66666667,5379514,6422062.16666667,0.00308786431359655,0,0,0,0,0,0,0,0.871746274200004,0.0193686813104029,0,0,0.0189697919635312,0,0.0139444208488188,0.0332222524989235,0.0396607148647227
2020,occupied Palestinian territory 2020 (part of 2018-2020 HRP),0,0,0,1834535,0,5378532,3296258,0,66391965,26717400.5,0,51918067.5,8083430.5,2591155,26448338.5,46499016,12089046,0,0,0,0.00730169740349987,0,0.0214072847555598,0.0131195526277044,0,0.264248999585047,0.10633886726561,0,0.206640930077366,0.0321731465974875,0.0103131473291955,0.105267964117521,0.185072372231927,0.0481160380090816
2021,"",3474575,0,0,135009109.333333,4260389.5,16828857.9333333,11990893.6666667,0,73846454.7666667,177809388.6,424169430,97423636.8333333,17736869.9333333,0,60592006.1,718070548,11468048.6,0.00198243523468335,0,0,0.0770300872324291,0.00243078542218113,0.00960178465755395,0.00684146121472165,0,0.0421334447769556,0.101449989428389,0.242011878721154,0.0555855177537958,0.0101198552078559,0,0.0345710562681159,0.409698554598357,0.00654314948380769
2021,Afghanistan Humanitarian Response Plan 2021,0,0,0,3329551,0,0,0,0,87237389,14339086.3333333,8988930,5261792.5,24689760.3333333,0,5693448.33333333,37092279,12676208.5,0,0,0,0.0167055189257033,0,0,0,0,0.437700414550924,0.0719441985176962,0.0451005977192788,0.0264002486196709,0.123877140947707,0,0.0285660165244545,0.186104903884028,0.0636009603105378
2021,Bangladesh: Rohingya Refugee Crisis Joint Response Plan 2021,0,0,0,4064278,0,1265532.25,6713574.58333333,350000,32583037.75,7971926,0,4588608,1911171,0,6442583.33333333,81851778,4133938.08333333,0,0,0,0.0267604267514142,0,0.00833264434117877,0.0442041909725288,0.00230450509610685,0.214536504404334,0.0524895545508191,0,0.0302127729143905,0.0125837237400904,0,0.0424199032107421,0.538936684361162,0.0272190896572339
2021,Burkina Faso Humanitarian Response Plan 2021,0,0,0,3620906,570000,2e+05,160000,0,45880441,599999,331500,1898735,6835571,0,2756750,7175659,0,0,0,0,0.0517053933838026,0.0081394198658478,0.00285593679503431,0.00228474943602745,0,0.655158198121505,0.00856779610541897,0.00473371523776938,0.0271133357525974,0.0976097936698475,0,0.0393655187985542,0.102466142833596,0
2021,Burundi Humanitarian Response Plan 2021,0,0,0,706293,0,0,0,0,19237526,276291,0,705013,6101193,0,627809,750000,0,0,0,0,0.0248658601523546,0,0,0,0,0.677279303622273,0.00972714350468462,0,0.0248207962751889,0.21479954055969,0,0.0221027403590148,0.0264046155267941,0
2021,Burundi Regional Refugee Response Plan 2021,0,0,0,0,0,0,0,0,0,0,0,0,0,0,0,3901266,0,0,0,0,0,0,0,0,0,0,0,0,0,0,0,0,1,0
2021,Cameroon Humanitarian Response Plan 2021,0,0,0,2984171,884518,0,0,0,11362652,2826573,0,1542721,9e+05,0,4602007,8472966,0,0,0,0,0.0888791351149918,0.0263440650129106,0,0,0,0.338419843357714,0.0841853109555008,0,0.0459476712975682,0.0268051735652859,0,0.137063995981845,0.252354804714184,0
2021,Central African Republic 2020,0,0,0,0,264574,0,0,0,0,0,0,0,0,0,0,0,0,0,0,0,0,1,0,0,0,0,0,0,0,0,0,0,0,0
2021,Central African Republic Humanitarian Response Plan 2021,0,0,176952,2617245,41841,1812896,1056626,0,73911681,6072636,6536970,1060570,1708169,0,4740028,30202008,843212,0,0,0.00135304229670228,0.0200124507540608,0.000319932200462952,0.0138620923613318,0.00807936428972459,0,0.565156825655356,0.0464336846177323,0.0499841589938171,0.00810952161384748,0.0130613098858201,0,0.0362440569846802,0.230936040673972,0.00644751967249268
2021,Chad Humanitarian Response Plan 2021,0,0,0,1615539,0,2753532,0,0,7947128,2041107,4095127,29358042,1805271,0,958322,7229186,0,0,0,0,0.0279489282731384,0,0.0476362801305269,0,0,0.137485823894966,0.0353112819565487,0.0708459596409572,0.507896008761029,0.0312313040369665,0,0.0165790320385769,0.12506538126729,0
2021,Colombia Humanitarian Response Plan 2021,0,0,0,876556,1289685,35285,0,0,764956,93314,0,0,0,0,3769929,2935505,199314,0,0,0,0.0879674975593464,0.129427397781574,0.00354105516519371,0,0,0.0767677878686672,0.00936460313688213,0,0,0,0,0.378334322172696,0.294595016089045,0.0200023202265954
2021,Democratic Republic of Congo Humanitarian Response Plan 2021,1700000,0,0,2955964,0,3606221,783202,0,49064152,7909671.33333333,4376759,10058617,19674716.3333333,0,2300575,42663132,1801947.33333333,0.0115728955896015,0,0,0.0201229780815416,0,0.0245496582976637,0.0053317146891571,0,0.334008416640198,0.053845764993371,0.0297951617222639,0.0684748966569356,0.133937316400408,0,0.0156613613359103,0.290432924800815,0.0122669107921338
2021,Democratic Republic of Congo Regional Refugee Response Plan 2021,0,0,0,0,0,0,0,0,0,0,0,0,0,0,0,4899264,0,0,0,0,0,0,0,0,0,0,0,0,0,0,0,0,1,0
2021,Ethiopia Humanitarian Response Plan 2021,11823441,0,137195,8960755,0,3876377,8658667.66666667,248500,116594379,21010950.3333333,590760,7182493,60155572.6666667,0,12535355,48962196,26740689.3333333,0.0361046090240671,0,0.000418945029205701,0.0273629779888489,0,0.011837084991999,0.0264405100659217,0.000758831150972096,0.356038015345862,0.0641600145853556,0.00180397219617012,0.0219327944870786,0.18369385289349,0,0.0382785427062125,0.149513237604834,0.0816566119299822
2021,Haiti Humanitarian Response Plan 2021,0,0,0,250000,0,0,0,0,0,0,0,0,0,0,1002644,330000,0,0,0,0,0.157963509165675,0,0,0,0,0,0,0,0,0,0,0.633524658735635,0.208511832098691,0
2021,Honduras Flash Appeal 2020-2021,0,0,1100000,0,0,0,0,0,1300000,1301926,0,0,0,0,625000,0,2725000,0,0,0.15598575481365,0,0,0,0,0,0.184346801143404,0.184619918019559,0,0,0,0,0.0886282697804827,0,0.386419256242904
2021,Iraq Humanitarian Response Plan 2021,0,0,430108,4808290,2022653.5,2902405,1674277,0,6654051.5,4936706,0,1402244,0,0,7522290,58652509,118287,0,0,0.00472003912127434,0.0527665537642457,0.0221967590669843,0.0318512214276001,0.0183736478741382,0,0.0730220860690203,0.054175801078403,0,0.0153883362726855,0,0,0.0825502038594277,0.643657260597095,0.00129809086912631
2021,Libya Humanitarian Response Plan 2021,0,0,0,3688885,0,0,4461809,0,14002407,5556761,0,4474886,0,0,15955164,1885602,236245,0,0,0,0.0733934719634464,0,0,0.0887714455039268,0,0.278589672916143,0.110556437151354,0,0.0890316234256744,0,0,0.317441417042328,0.0375156388776604,0.00470029311946683
2021,Madagascar's Grand Sud Flash Appeal 2021,0,0,0,59320,0,0,0,0,23346128,22500,0,0,5337404,0,245000,4092977,1218037,0,0,0,0.0017283694361116,0,0,0,0,0.680221410767858,0.000655568312753053,0,0,0.155512574878284,0,0.00713841051664436,0.119254490045647,0.0354891760427018
2021,Mali Humanitarian Response Plan 2021,0,0,0,5636224,0,4243745,6480305,0,29511668,15541754,0,1951600,21666307,0,3975070,2544012,599863,0,0,0,0.0611632173907419,0,0.04605230345456,0.0703230218446449,0,0.320254937604929,0.168656121285356,0,0.0211783873493623,0.235118590938819,0,0.0431366940975761,0.0276071282831655,0.00650959775084571
2021,Mozambique Humanitarian Response Plan 2021,0,0,144725,35283,0,5395374,1377284,0,9712734,3017036,666387,0,2659840,0,2872537,6632831,2929644,0,0,0.00408323911106848,0.000995466751119911,0,0.152223887618877,0.0388583858756182,0,0.274032926890341,0.0851219857985945,0.0188012952945765,0,0.0750441369299318,0,0.0810451230014946,0.187137225471117,0.082656327257261
2021,Myanmar Humanitarian Response Plan 2021,0,0,0,682497,0,0,207116,0,23789253,1667215,0,1510772,3198691,0,939149,15636614,352857,0,0,0,0.0142233800301283,0,0,0.00431634069940241,0,0.495773001276004,0.0347451088238195,0,0.0314848040282623,0.0666613885364346,0,0.0195720613158958,0.325870301710373,0.00735361357968016
2021,Niger Humanitarian Response Plan 2021,0,0,0,1094496,0,332942,0,0,16118459,1344743,2911330,25807644,9164489,0,101332,13650942,0,0,0,0,0.0155189596652611,0,0.00472081530574015,0,0,0.228545115822411,0.0190672349438849,0.0412800164114484,0.365928963003445,0.129944134235054,0,0.00143679576791532,0.193557964844841,0
2021,Nigeria Humanitarian Response Plan 2021,0,0,0,2808498,9174340,0,133496,0,55521431,6548274,6505633,0,3337783.5,0,8807471,34315930,3337783.5,0,0,0,0.0215226011612787,0.0703064986117012,0,0.00102303123043921,0,0.425482095880593,0.0501819440842654,0.0498551696887991,0,0.0255787196690889,0,0.0674950402572936,0.262976179747452,0.0255787196690889
2021,Pakistan Humanitarian Response Plan 2021,240615,0,0,0,0,0,0,0,4586695,5e+06,0,2401108,13315703,0,0,2386583,0,0.00861471304124665,0,0,0,0,0,0,0,0.164216949204001,0.179014463795828,0,0.0859666122271748,0.476740686521901,0,0,0.0854465752098479,0
2021,Refugee and Migrant Response Plan for Venezuela 2021 (RMRP),0,0,0,2140661,8410168,4711338,1194446,0,24572303,3891130.5,66500,15515079,1697366.5,0,4849740,19859979,1866510,0,0,0,0.0241132714273953,0.0947355343671856,0.0530704170254896,0.0134547229119261,0,0.276792360787252,0.0438312679615858,0.000749082900058339,0.174768125894049,0.0191198228613816,0,0.0546294331387809,0.223710837058913,0.0210251236659833
2021,Regional Migrant Humanitarian Response Plan for the Horn of Africa and Yemen 2021,0,0,0,0,0,0,0,0,0,0,0,5561300,0,0,0,0,0,0,0,0,0,0,0,0,0,0,0,0,1,0,0,0,0,0
2021,Somalia Humanitarian Response Plan 2021,0,0,1287678,3442349,0,1509411,2169286,0,60361963,16635154,2151312,2715208,31882106,0,16596003,21999964,10667660,0,0,0.00751191411567089,0.0200815965203767,0,0.00880543567355264,0.0126549417822835,0,0.352132972613731,0.0970443295210131,0.0125500870404031,0.0158396814282628,0.185990319084985,0,0.0968159347285707,0.128340967319354,0.0622318201717959
2021,South Sudan Humanitarian Response Plan 2021,0,0,677211,5475075,0,0,1221578,0,183176159,5538734.5,17290954,29786528.5,19668615,0,2240340,35591229,11905395,0,0,0.00216657727547729,0.0175162144095914,0,0,0.00390815142551287,0,0.58602902714016,0.0177198780034613,0.0553183394949626,0.0952949904290636,0.0629251065016837,0,0.00716744077302759,0.113865764079007,0.0380885104680534
2021,South Sudan Regional Refugee Response Plan 2021,0,0,0,0,0,0,0,0,0,0,0,0,0,0,0,30686646,0,0,0,0,0,0,0,0,0,0,0,0,0,0,0,0,1,0
2021,Sudan Humanitarian Response Plan 2021,0,0,176660,6383147,14841860.5,19459172,4694787,822989.5,190577420,6327007,16209567.5,6933625,11574871.5,0,6788315,44364823,6229744,0,0,0.000526739515880706,0.0190323545826751,0.0442533364346144,0.0580205753352167,0.0139982442632346,0.00245387235822996,0.568236487878376,0.0188649643617901,0.0483313695097114,0.0206736911343731,0.034512295993951,0,0.0202404265637141,0.132280682605871,0.0185749594623612
2021,Syria Humanitarian Response Plan 2021,0,0,2362057,7340390,4239637,18245922,8295444.66666667,0,168887850,22364380.6666667,5444780,3205128,11256211,0,27419407.6666667,221781491,18355712,0,0,0.00454943033329122,0.0141379284768266,0.00816573569983441,0.0351424842862241,0.0159774076555613,0,0.325285760552915,0.0430748249471562,0.0104868965016921,0.00617322382367615,0.0216799796792907,0,0.0528110392592605,0.427161343912511,0.0353539448717612
2021,Syria Refugee Response and Resilience Plan (3RP) 2021,0,0,0,2803206,0,114929,27128696.1666667,0,105838271,474102.666666667,0,31437907.5,0,0,22531818.5,223304934,2363611.16666667,0,0,0,0.00673851684619356,0,0.000276273310850569,0.0652136076101257,0,0.254420464320317,0.00113967678656461,0,0.075572351549556,0,0,0.0541633538661182,0.536793963624914,0.00568179208536031
2021,Ukraine Humanitarian Response Plan 2021,0,0,0,1862799,0,346627,445577,0,842875,2771792,0,1344936,0,0,1374385,10720976,1678511,0,0,0,0.0870935744001981,0,0.0162062489906949,0.020832571630389,0,0.0394078998982536,0.129592764852179,0,0.0628813326502241,0,0,0.0642581954639316,0.501250065572688,0.0784773465414416
2021,Venezuela Humanitarian Response Plan 2021,0,0,0,777048,0,4557018,554982,0,901440.5,1922546,0,7626180,634957.5,0,1406420,9786134,400432,0,0,0,0.0272007456954591,0,0.159519473375685,0.0194272737946141,0,0.0315551340458858,0.0672991692068213,0,0.266956201943505,0.0222268347449893,0,0.0492320587158163,0.342565893324075,0.0140172151531489
2021,Yemen Humanitarian Response Plan 2021,0,0,722163,8311248,0,60278890.5,21055205,1872760,833599587,24705689.3333333,18143646,21931996,69290770.3333333,0,23312941.5,665002689,14979918.3333333,0,0,0.000409573461071205,0.00471370952150848,0,0.034187065540075,0.011941422068721,0.00106213250326548,0.472774523196449,0.0140117877659244,0.0102901365601266,0.0124386925249837,0.0392981371597732,0,0.0132218933092744,0.37715509234811,0.00849583404071841
2021,Zimbabwe Humanitarian Response Plan 2021,0,0,0,0,0,0,0,0,16761544,150000,0,0,0,0,0,1078372,0,0,0,0,0,0,0,0,0,0.931718858498283,0.0083380044687257,0,0,0,0,0,0.0599431370329912,0
2021,occupied Palestinian territory 2021,0,0,0,4155213,0,1e+06,1500000,0,38028292,6711865,0,0,0,0,790958,16878663,1198475,0,0,0,0.0591376036018491,0,0.0142321473295952,0.0213482209943927,0,0.541224254436865,0.0955242515363532,0,0,0,0,0.0112570307875219,0.240219618542587,0.0170568727708366
